,sequences
0,CAUGU_ACUAAC
1,UAUGA_UCUAUG
2,CAAGG_CCUAAA
3,UAUAG_UCUAAG
4,UAUGA_CCUAGG
5,UAUGG_ACGAAG
6,UAACG_CCUAAG
7,UAUUG_CCUAAC
8,UCUGG_CCUAAG
9,UAUGG_CUGAAG
10,UAUGG_CCUGAU
11,UCUGG_CCUGAG
12,UACGG_CCAACG
13,UGCGG_CCUACG
14,CCUGC_GCUAAA
15,UAAGG_CCUAAG
16,UAUGG_GCUAAC
17,UAUGG_AUUAAG
18,UAUGC_CCUCAG
19,AAUGG_CAUAAG
20,UACGG_CCUACC
21,UAUGU_CCCAAG
22,UACGG_GCUAAG
23,UUUGG_CCCAAG
24,UAUGG_CCUUAU
25,UAUGG_CCUACU
26,UGCGG_CCUAAG
27,UAUGG_AAUAAG
28,UAUUU_CCUAAG
29,CCUGG_CCUAAA
30,UAUCA_CCUAAG
31,UAGGG_CGUAAG
32,GAUGG_CGUAAG
33,UAUGA_GCUAAG
34,CAUGC_GCUUAA
35,UCUCG_CCUAAG
36,UCUGU_CCUAAG
37,CACGG_CCGACG
38,UAUGG_GCUAAU
39,UACGG_CCAAAG
40,CAUGG_CCGAAG
41,UAUGC_CCUGAG
42,CUUGC_GCUAAA
43,UAGGA_CCUAAG
44,UAUGC_CUUAAG
45,UAUGG_ACUAUG
46,CAUGG_CCUCCC
47,CUCGG_CCUAAC
48,CAUGG_CCUAUC
49,UAUGG_CAUAAC
50,CACGG_CCCACC
51,UAUGG_CCCUAG
52,CACGG_CCCAAA
53,UACGG_CUUAAG
54,UAUGA_CCUAAG
55,UAGCG_CCUAAG
56,UGUGG_CCCAAG
57,UAGGG_CCUAAC
58,AAUGG_CCUAAU
59,UAUGU_CGUAAG
60,UAAGG_CCUAAU
61,UAGGC_GCAAAG
62,UAUGG_GCUAUG
63,UAAGG_ACUAAC
64,UAUGG_ACUCAG
65,UAUGG_CGCAAG
66,UAUGG_CAUAAU
67,UAUGG_CCACAG
68,UCUGG_ACUAAG
69,UCUGG_GCUAAG
70,UAGGC_GCUACG
71,UACGG_UCUACG
72,UAGGC_GCUUAG
73,UACCG_CCUAAG
74,UAUAG_ACUAAG
75,UAUGG_CGUGAG
76,CAUGG_CCCAAA
77,UAUCG_CCUACG
78,CAUGG_CCUAGG
79,UAUUG_CGUAAG
80,UAAGG_CCUAGG
81,UUUUG_CCUAAG
82,UAUCG_CCUCAG
83,UUUAG_CCUAAG
84,UAUGG_CUUCAG
85,UAUGG_UCGAAG
86,UAUGG_CCUGAA
87,AAUGG_GCUAAG
88,GAUGG_UCUAAG
89,GAUGG_CCUUAG
90,UAUGA_CCUAAU
91,CAGGC_GCUAAA
92,UAUGU_CCUAGG
93,CAUGC_GCUAAG
94,UAUGG_GUUAAG
95,CAUCG_CCUAAG
96,UAUGG_GCUAAA
97,UAUCG_UCUAAG
98,UAUGG_CCGGAG
99,UAUGG_UGUAAG
100,AAUGC_CCUAAG
101,UGUUG_CCUAAG
102,UACGA_UCUAUG
103,UACGG_CCCAAG
104,CACGG_CCAACG
105,CCCGG_CCUACG
106,UAUGG_CUUGAG
107,UCUGG_CUUAAG
108,UAUGU_ACUAAG
109,UAUGG_CGUCAG
110,UAUCG_CCUUAG
111,UACGA_CCUAAG
112,GAUGG_GCUAAG
113,UACGG_CCUGCG
114,GACGG_CCUAAA
115,CAGGG_CCUACC
116,UAAGG_CCUAAC
117,CAUGG_CCUACA
118,CAUGG_CCUAAA
119,CUCGG_CCUACC
120,UAUAA_CCUAAG
121,UAUGC_UCUAAG
122,GAUGG_CUUAAG
123,CAUGG_CCUACU
124,UCUUG_CCUAAG
125,UUUGG_CCAAAG
126,UUUGG_CCUAUG
127,UAUGG_ACUUAG
128,UGUCG_CCUAAG
129,UAUGA_UCAAAG
130,UAUGU_CCUAAA
131,UACGG_CCUCAG
132,UAUGG_CCUACC
133,UAUGA_CCGAAG
134,UAGGU_CCUAAG
135,UAAGG_CCUACG
136,UACGG_CCCACG
137,UCGGC_GCUAAG
138,UAUGG_CCUAGU
139,UAUGG_CUUAGG
140,UUAGG_CCUAAG
141,CUUGG_CCUACC
142,GAUGG_CCGAAG
143,UAUGG_UCAAAG
144,UAUGG_UCUGAG
145,UAAGG_GCUAAG
146,UACGG_UCUAAG
147,UAUGG_CCUAAG
148,AAUAG_CCUAAG
149,UAUUG_ACUAAG
150,UAUCG_CUUAAG
151,UAGGC_CCUAAG
152,UAAGG_CGUAAG
153,CAUGG_CCGACC
154,GCUGG_CCUAAG
155,UAAGG_ACUAAG
156,UAUGG_CCUAUA
157,UAUGG_ACUAAU
158,UAGGA_CCUAUA
159,UAUAG_CCUAAG
160,UAUGG_CCUUAG
161,UAUGC_GCUAGG
162,UAUGG_CCUACG
163,UGUGG_CCUACG
164,UAUGC_CCUACG
165,CACGG_CCUAAU
166,CAUGG_CCUCAA
167,UAUCG_CCUAUG
168,UAUGC_GCUGAG
169,UAAGG_CUUAAG
170,UCUGG_CCCAAG
171,AAUGG_CCUAGG
172,CACGG_CCGACC
173,UAUGG_CCGAAU
174,AAGGA_CCUACG
175,CGUGG_CCUACC
176,CACGG_CCGAAA
177,UUUGG_CCUCAG
178,UAUGG_CCCAAG
179,UAUGG_CAUACG
180,CAUGC_GCUCAA
181,GAUGG_CCUAUG
182,UACGG_CAUAAG
183,CACGG_CCGAAC
184,UAAGG_CCUUAG
185,CAAGG_CCUACC
186,CAGGG_CCUAAA
187,CACGG_CCUGCC
188,CAUGA_UCUAAA
189,UCUGG_CCUCAG
190,CAUGC_GCUAGA
191,GAUGC_CCUAAG
192,UAUGC_CAUAAG
193,UGUGG_CCUGAG
194,CACGG_CCUACG
195,UAUGG_CCAAAA
196,UAUGC_GCUACG
197,UAUGG_CCGAAC
198,UAUGG_UCCAAG
199,UAUUG_GCUAAG
200,UAUGG_CUUAAU
201,UAUGG_GAUAAG
202,AAUGG_CCUACU
203,UAGGC_GCUGAG
204,UAUCG_CCUAAC
205,UAUGG_CAUAAG
206,UAUGU_CCUUAG
207,UAUGA_ACUAAG
208,UGUGG_ACUAAG
209,UAUGG_CUUACG
210,CACGG_CCUCCG
211,AUUGG_CCUAAG
212,UGUGG_CCUAAA
213,CAAGC_GCUAAA
214,UAUGG_CCGAAG
215,UUUGA_UCUAAG
216,CUCGG_CCUACG
217,CACGG_CCCACG
218,CACGG_CCUAGC
219,GAUGG_CCUAAU
220,UACGC_GCUACG
221,CAUGG_CCGAAA
222,UAUUC_CCUAAG
223,UUUGG_GCUAAG
224,UAUGG_CCUCAA
225,UAUGA_CAUAAG
226,UAUUG_CCUAAU
227,CAUGG_CCUGCC
228,UAUGA_UCCAAG
229,UAAUG_CCUAAG
230,CAUGG_CCUAUA
231,UAUGG_CUUAAC
232,UAUGA_CGUAAG
233,CAUGG_ACUAAG
234,UAGGC_GCUAGG
235,UAAGG_CCUCAG
236,UAGGC_GCUAAG
237,CAUGG_CCUAGA
238,UAGGG_CCUACG
239,UAAGG_ACUAGU
240,UGUGG_CAUAAG
241,UACGG_CCGAAG
242,UGUGG_CCUAAG
243,CAUGG_CCUGAA
244,UAGGG_CCUCAG
245,UACGA_UCUAAG
246,GAUGG_CAUAAG
247,UGCGA_UCUAAG
248,UAUGG_CCUUCG
249,UAUGG_CAUAUG
250,UAUUG_CCUAGG
251,CAUGG_CUUAAG
252,UAUGG_CCCAAC
253,UAUGA_CCUAAC
254,UAUUG_CCUACG
255,CACGG_CCUUAC
256,UCUGG_CCUUAG
257,UACGG_CCUUCG
258,UAUGG_CCUAUU
259,UAUCG_CCCAAG
260,UAUGC_CCUAAU
261,UCUGG_UCUAAG
262,UAUGG_CCUGCG
263,CGCGG_CCUACG
264,UAUGG_CUAAAG
265,UAUGU_CCAAAG
266,CAUGC_GCUACA
267,UAAGA_UCUAAG
268,CAUGG_CAUAAG
269,UACGG_CGUAAG
270,CACGG_CCUAAC
271,UAUAG_CUUAAG
272,UAUGG_CCAAGG
273,UAGGG_CUUAAG
274,UAUAG_CCAAAG
275,CGCGG_CCUACC
276,UCCGA_UCUAAG
277,UAUGG_CCAAAU
278,UACGG_CCUAAG
279,UAUGA_CCUCAG
280,CACGG_CCUGAA
281,CAUGG_CCUUAG
282,CACGG_CCUCCC
283,UACGG_ACUAAG
284,UAUGG_CCUAGC
285,UAUCG_CCUAAG
286,UGUGG_CCUAAU
287,UACGA_UCUCAG
288,UUUGG_CCUAAC
289,CACGG_CCUACC
290,AAUGG_CCUACC
291,UAUGG_ACUGAG
292,UAUCG_CGUAAG
293,UAUGG_GCUCAG
294,UCGGG_CCUAAG
295,UCUGG_CAUAAG
296,UUUGU_CCUAAG
297,UACGU_CCUAAG
298,CACGG_CCUAGA
299,CAGGG_CCUAAC
300,UAUGG_CCUAGG
301,UGUGU_CCUAAG
302,GUUGG_CCUAAG
303,UUUGC_CCUAAG
304,GAUGG_CCUGAG
305,CAUGU_CCUAAG
306,UCUGG_CCUAAC
307,ACUGG_CCUAAG
308,UAGGG_CCUUAG
309,UAGGG_CCCAAG
310,UAUGG_CCUGUG
311,CGUGG_CCUAAG
312,UAUGU_GCUAAG
313,AAUGG_CCUAAC
314,UUUGG_CCUAAU
315,UCUGA_CCUAAG
316,UAUGG_CCUAAA
317,UAUGG_CCUCUG
318,CCCGG_CCUAAC
319,UAAGG_UCUAAG
320,UCUGC_GCUAAG
321,CUUGG_CCUAAA
322,UAUUG_CCCAAG
323,CACGG_CCUAUA
324,UUUGA_CCUAAG
325,CACGG_CCUAAG
326,UUUCG_CCUAAG
327,UAUGG_CUUUAG
328,UCCGG_CCUAAG
329,UAUGG_UCUAAA
330,UAUGG_CCAAAC
331,CAUGC_CCUAAG
332,CAUGG_CCUAGC
333,UAUGC_CCUUAG
334,UAUGU_CCUAAG
335,UAUGC_CCUAAA
336,UAUAG_CCUAUG
337,UCUAG_CCUAAG
338,UACGA_UCUACG
339,CAUGG_CCAACC
340,UGUGA_UCUAAG
341,UCUGG_CCUAUG
342,UACGC_GCUAAA
343,UAUGG_UCUAGG
344,CCCGG_CCUAAA
345,AACGG_CCUACG
346,GACGG_CCUAAG
347,AAUUG_CCUAAG
348,UAUAG_CGUAAG
349,UACGG_CCUAAU
350,UAUGC_GCGAAG
351,GAUGG_CCUCAG
352,UAUGC_CGUAAG
353,UAUGC_GCUUAG
354,AAUGG_CCUGAG
355,UAUAG_CCUGAG
356,UACGG_CCUUAG
357,UAAAG_CCUAAG
358,UAUCG_CCUAAA
359,UAUGG_CGUAAG
360,UAUGG_UAUAAG
361,CUCGG_CCUAAA
362,UAUGU_CUUAAG
363,UUUGG_CAUAAG
364,UAUGA_CCUACG
365,CAUGG_CCUAAG
366,AAUGG_ACUAAG
367,UAUAG_CCUAAU
368,UGUGG_CCUCAG
369,GAUGG_CCAAAG
370,UAUGC_CCUAAG
371,UAUGC_CCUAUG
372,UUUGG_CCGAAG
373,UAUGC_CCAAAG
374,UUUGG_CCUAAG
375,UAUGG_UCUCAG
376,GACGG_CCUACG
377,CAUGG_CCCACC
378,UAUAG_CCCAAG
379,UAUGG_GGUAAG
380,UAUGU_CCUCAG
381,UAUCG_CCUAAU
382,CAUGA_CCUAAG
383,UAUGG_CCUGAG
384,GAAGG_CCUAAG
385,UAGGC_GCUCAG
386,CAUGC_GCUGAA
387,UAUGC_GCAAAG
388,UAUGG_CAUCAG
389,UAUGU_CCGAAG
390,UAUCG_CCGAAG
391,UAUGG_UCUACG
392,UAGGC_GCUAUG
393,UAGGG_CCAAAG
394,UCUGG_CCUAAU
395,UAUGG_GCUUAG
396,UAUGU_CAUAAG
397,CAAGG_CCUAAG
398,UAUGG_CGGAAG
399,UACGA_UCUGAG
400,UAUGG_ACCAAG
401,AAUGG_CCUUAG
402,UGUGG_CUUAAG
403,AAUGG_CCUAUG
404,UAAGG_CCAAAG
405,UGUGG_CGUAAG
406,UAGGC_GCGAAG
407,UAUAG_CCUACG
408,UAUGG_CGUACG
409,CAUGC_GCAAAA
410,UAUUG_CUUAAG
411,UAUGG_CGUAUG
412,UGUGC_CCUAAG
413,CAUGG_CCCAAG
414,UUUGG_CCUAGG
415,UAUGG_UUUAAG
416,UAUGG_CCCAGG
417,GAUGG_CCUACU
418,UAUGG_ACAAAG
419,CAUGG_CGUAAG
420,CGCGG_CCUAAA
421,UAUAG_CCUUAG
422,UAUGA_CCUAUG
423,UAUGG_UCUAUG
424,UAUGG_CCCACG
425,UUUGG_CCUACG
426,AAGGG_CCUAAG
427,UGUGG_CCUAAC
428,UAUGA_ACUAGU
429,UGUAG_CCUAAG
430,UAUGU_CCUACG
431,UACGG_CCUAGG
432,AAUGG_CGUAAG
433,UAAGG_CCUAUG
434,UAUGG_CCUCAU
435,UGAGG_CCUAAG
436,UAUGG_UCUUAG
437,UAUCG_CCUGAG
438,AAUGG_CCUAAG
439,AAUGG_CCGAAG
440,CAAGG_CCUAAC
441,UAUAG_CCUAAC
442,AAUGG_CCUACG
443,CACGG_CCUAUC
444,CACGG_CCUACA
445,UAUGG_CGAAAG
446,CACGG_CCUGAC
447,UAAGC_CCUAAG
448,CACGG_CCAACC
449,AAGGA_CCUAAG
450,UAGGA_UCUAAG
451,UCUGG_CCUAAA
452,UAUGG_CAUAAA
453,UGUGG_GCUAAG
454,UAUGU_CCUAAU
455,CCCGG_CCUACC
456,CUUGG_CCUAAG
457,CACGC_GCUAAA
458,CAUGG_CCUCAG
459,CAUUG_CCUAAG
460,UCAGG_CCUAAG
461,UCUGC_CCUAAG
462,UAUGA_CUUAAG
463,UCUGG_CCUACG
464,UAUCG_CCAAAG
465,UAUGG_CCUAGA
466,UAGGG_CCUAUG
467,CAUGG_UCUAAG
468,CAUGG_CCUUAA
469,UAUGC_GCUAAG
470,AAUGG_UCUAAG
471,AGUGG_CCUAAG
472,UAUGG_CCAACG
473,UGUGG_CCUAGG
474,GAAGC_GCUAAG
475,UAUGG_CCUUAA
476,UAUGG_CCGUAG
477,AAAGG_CCUACG
478,CAUGC_GCCAAA
479,UAGGG_CCUAAA
480,UAUUG_CCUAAA
481,UACGA_UCCAAG
482,UGGGG_CCUAAG
483,UAUGG_ACUAAA
484,UAUGG_ACUAAC
485,AAUGG_CCAAAG
486,AAGGG_CCUAAA
487,CACGG_CCUCAA
488,UAUUG_CCUAAG
489,UAUGA_UCUACG
490,UAUGA_UCUCAG
491,UAUCG_ACUAAG
492,UAGGG_CAUAAG
493,UACGG_CCUACU
494,CAUGG_CCUACG
495,CACGG_CCUAUG
496,UACGA_UCAAAG
497,UAUGG_CCUAUG
498,UAUUG_CCGAAG
499,CAUGC_UCUAAA
500,UACGG_CCUAAC
501,UAUAG_CCUAGG
502,UAUGU_UCUAAG
503,UCUGA_UCUAAG
504,UAUGG_CCAGAG
505,GAUGG_CCUACG
506,UAUGG_ACUAGG
507,UGUGG_CCUAUG
508,AAUGG_CCUAAA
509,AAUGU_CCUAAG
510,UAUAG_CAUAAG
511,UAGGG_CCUACC
512,UUCGA_UCUAAG
513,UAUGG_CGUAAU
514,CACGG_CCUCAC
515,UAGGG_CCUAAU
516,UGUGG_CCUUAG
517,UAGGG_CCGAAG
518,CCUGG_CCUAAG
519,CAUGU_ACUAAA
520,UACGG_CCUACA
521,AACGG_CCUAAC
522,CGCGG_CCUAAC
523,GAUAG_CCUAAG
524,UAUGG_CCUAUC
525,UACGG_CCGACG
526,UAUGG_CCUAAU
527,UAUGG_CUUAAA
528,UAUCU_CCUAAG
529,CACGG_CCAAAA
530,UAUGG_GCUAGG
531,AAAGG_CCUAAG
532,UAUGG_CCGAUG
533,AAUGG_CCUCAG
534,CACGG_CCUAGG
535,UAUAG_CCUAAA
536,UAUGG_UCUAAG
537,UAUCG_GCUAAG
538,UAUGG_CCUCCG
539,UAUGA_CCUGAG
540,UAUGG_CCGACG
541,UACGA_UCGAAG
542,UAUGG_GCAAAG
543,AACGG_CCUAAA
544,CAUGG_CCAAAA
545,UAUAC_CCUAAG
546,UAUGA_UCUAAG
547,UAUGG_UCUAAU
548,UACUG_CCUAAG
549,UAUGG_ACUAAG
550,UAUGG_CCUGAC
551,UAUUG_CCUAUG
552,UAUCC_CCUAAG
553,GAUUG_CCUAAG
554,CACGG_CCAAAC
555,UGUGG_UCUAAG
556,GAUGG_CCUAAC
557,UAUGG_ACUACG
558,UAGGG_ACUAAG
559,UAAGG_CCCAAG
560,UAUGG_CACAAG
561,UAUGG_CCAUAG
562,UAUGG_CCCAAA
563,CAUGG_CCUAUG
564,UACGA_UCUAGG
565,CACGG_CCUUAA
566,UAUGC_GCUCAG
567,UAAGG_CCUGAG
568,UAUGG_GCUACG
569,CGUGC_GCUAAA
570,UAUGG_CCUGGG
571,UAUAG_CCUCAG
572,UAAGA_CCUAAG
573,UAGGA_UCUACG
574,CACGG_CCUGCG
575,UGGGC_GCUAAG
576,UAGAG_CCUAAG
577,UAUGA_UCUGAG
578,AAUGG_CUUAAG
579,UUUGG_CCUUAG
580,UAUGG_CGUUAG
581,UAUGA_UCUUAG
582,UUUGG_CCUAAA
583,UAGGC_GCCAAG
584,UAUGG_CCUCGG
585,UAAGG_CCUAAA
586,UAUGA_UCUAGG
587,AAUCG_CCUAAG
588,UAUGG_CAAAAG
589,CAGGG_CCUAAG
590,UUUGG_UCUAAG
591,UACGC_GCUAAG
592,CACGG_CCCAAC
593,UACGG_CCUGAG
594,UAUUG_CCAAAG
595,UAUGC_CCUAAC
596,UACGA_UCUUAG
597,AAUGA_CCUAAG
598,UAUGC_CCGAAG
599,UAUGG_CAUUAG
600,CAUGC_GCUAAA
601,UAUGC_CCCAAG
602,CAUGG_GCUAAG
603,UAUGG_CCUACA
604,UACGG_CCUACG
605,CAUGG_CCUACC
606,UACGG_CCUAUG
607,CAUGG_CCUUCC
608,CAUGG_CCUGAG
609,UAGGG_UCUAAG
610,UAUGU_CCUGAG
611,CAUGG_CCUAAC
612,CACGG_CCUUCC
613,UAUGG_CAUAGG
614,UAUGG_CCGCAG
615,UUUGG_CUUAAG
616,UAGUG_CCUAAG
617,UAUGG_CGUAGG
618,UCUGG_CGUAAG
619,CAUGC_GCUAUA
620,CAUGC_GCGAAA
621,UAUGG_CCUUGG
622,UAUGG_CCUAAC
623,UUGGC_GCUAAG
624,UAUGG_CUUAUG
625,UUUGG_ACUAAG
626,UAUAG_GCUAAG
627,UAUGG_CUUAAG
628,CGUGG_CCUAAA
629,UAAGG_CCGAAG
630,UUUGG_CGUAAG
631,GAUCG_CCUAAG
632,UCUGG_CCAAAG
633,UAUGA_CCAAAG
634,UAUCG_CCUAGG
635,UAUGG_CUCAAG
636,GAUGG_CCCAAG
637,UAGGG_CCUGAG
638,UAUAG_CCGAAG
639,UAUGG_CCUUAC
640,UAUGA_CCUUAG
641,UGUGA_CCUAAG
642,CAGGG_CCUACA
643,UCCGG_CCUACG
644,UUGGG_CCUAAG
645,CAAGG_CCUACG
646,UAUGG_CCUUUG
647,UACGG_CCUAAA
648,UAUGU_CCUAAC
649,UAUGG_GCCAAG
650,UAUUG_CCUUAG
651,UAUGU_CCUAUG
652,AAGGA_CCUAAA
653,UAUCG_CAUAAG
654,UGUGG_CCGAAG
655,CCUGG_CCUACC
656,UAUGG_CGUAAC
657,UAAGU_CCUAAG
658,CAUGG_CCUAAU
659,UAUGC_CCUAGG
660,GAUGG_CCUAAG
661,UAUGC_GCCAAG
662,UAUGG_CCCAAU
663,UAUGG_GCUGAG
664,UAUGC_GCUAUG
665,UAAGG_CAUAAG
666,UACAG_CCUAAG
667,UAGGG_GCUAAG
668,UUUGC_GCUAAG
669,UAUGA_CCUAAA
670,UAUUG_CAUAAG
671,AACGG_CCUAAG
672,CAUGG_CCAAAG
673,UAUUG_UCUAAG
674,UAAGC_GCUAAG
675,UAUGG_CCUCAC
676,UAUGC_ACUAAG
677,UGUGG_CCAAAG
678,UUUGG_CCUGAG
679,UAUGG_CCAAAG
680,UUCGG_CCUACG
681,UAUGG_GCUAAG
682,UGUGC_GCUAAG
683,UAGGG_CCUAAG
684,GAUGU_CCUAAG
685,GAUGA_CCUAAG
686,CACGG_CCUUCG
687,GAUGG_CCUAAA
688,AAUGG_CCCAAG
689,UAUGG_CCCGAG
690,UAUGG_GCGAAG
691,GAUGG_CCUAGG
692,UAUGG_CCAAUG
693,GAUGG_ACUAAG
694,GGUGG_CCUAAG
695,UAUGG_UCUAAC
696,GAGGG_CCUAAG
697,UUCGG_CCUAAG
698,UCUGG_CCUAGG
699,UAUGG_CCGAAA
700,UAGGG_CCUAGG
701,UAUGA_UCGAAG
702,UAUGG_CCCCAG
703,UAUGG_CCCAUG
704,UCUGG_CCGAAG
705,UAUGA_CCCAAG
706,UAUGG_CAUGAG
707,CACGG_CCUAAA
708,UAUUG_CCUCAG
709,CAUAG_CCUAAG
710,UAUGG_AGUAAG
711,UAUUA_CCUAAG
712,UACGC_CCUAAG
713,UAUGG_CCGAGG
714,UAUGG_CGUAAA
715,UAUUG_CCUGAG
716,UACGG_CCUCCG
717,UAUGG_CCUCAG
718,UAUGG_CAGAAG
719,CAGGG_CCUACG
720,UAUAU_CCUAAG
721,UAUGC_GCUAAA
