r_seq,r_name,sublibrary,type,new_name
AACGG_CCCUAAC,IC3 ,tertcontacts_4,IC3,IC3 _AACGG_CCCUAAC
AAGAG_CCCUAAC,IC3 ,tertcontacts_4,IC3,IC3 _AAGAG_CCCUAAC
AAGCG_CCCUAAC,IC3 ,tertcontacts_4,IC3,IC3 _AAGCG_CCCUAAC
AAGGA_CCCUAAC,IC3 ,tertcontacts_4,IC3,IC3 _AAGGA_CCCUAAC
AAGGC_CCCUAAC,IC3 ,tertcontacts_4,IC3,IC3 _AAGGC_CCCUAAC
AAGGG_CACUAAC,IC3 ,tertcontacts_4,IC3,IC3 _AAGGG_CACUAAC
AAGGG_CCUUAAC,IC3 ,tertcontacts_4,IC3,IC3 _AAGGG_CCUUAAC
AAGGG_CGCUAAC,IC3 ,tertcontacts_4,IC3,IC3 _AAGGG_CGCUAAC
AAGGG_CUCUAAC,IC3 ,tertcontacts_4,IC3,IC3 _AAGGG_CUCUAAC
AAGGG_UCCUAAC,IC3 ,tertcontacts_4,IC3,IC3 _AAGGG_UCCUAAC
AAGGU_CCCUAAC,IC3 ,tertcontacts_4,IC3,IC3 _AAGGU_CCCUAAC
AAGUG_CCCUAAC,IC3 ,tertcontacts_4,IC3,IC3 _AAGUG_CCCUAAC
CAGAG_CCCUAAC,IC3 ,tertcontacts_4,IC3,IC3 _CAGAG_CCCUAAC
CAGCG_CCCUAAC,IC3 ,tertcontacts_4,IC3,IC3 _CAGCG_CCCUAAC
CAGGA_CCCUAAC,IC3 ,tertcontacts_4,IC3,IC3 _CAGGA_CCCUAAC
CAGGC_CCCUAAC,IC3 ,tertcontacts_4,IC3,IC3 _CAGGC_CCCUAAC
CAGGG_CACUAAC,IC3 ,tertcontacts_4,IC3,IC3 _CAGGG_CACUAAC
CAGGG_CCAUAAC,IC3 ,tertcontacts_4,IC3,IC3 _CAGGG_CCAUAAC
CAGGG_CCCUAAC,IC3 ,tertcontacts_2,IC3,IC3 _CAGGG_CCCUAAC
CAGGG_CCCUGAC,IC3 ,tertcontacts_4,IC3,IC3 _CAGGG_CCCUGAC
CAGGG_CCGUAAC,IC3 ,tertcontacts_4,IC3,IC3 _CAGGG_CCGUAAC
CAGGG_CCUUAAC,IC3 ,tertcontacts_4,IC3,IC3 _CAGGG_CCUUAAC
CAGGG_GCCUAAC,IC3 ,tertcontacts_4,IC3,IC3 _CAGGG_GCCUAAC
CAGGG_UCCUAAC,IC3 ,tertcontacts_4,IC3,IC3 _CAGGG_UCCUAAC
CAGGU_CCCUAAC,IC3 ,tertcontacts_4,IC3,IC3 _CAGGU_CCCUAAC
CAGUG_CCCUAAC,IC3 ,tertcontacts_4,IC3,IC3 _CAGUG_CCCUAAC
GAAGC_CCCUAAC,IC3 ,tertcontacts_4,IC3,IC3 _GAAGC_CCCUAAC
GAAGG_ACCUAAC,IC3 ,tertcontacts_4,IC3,IC3 _GAAGG_ACCUAAC
GAAGG_CCCAAAC,IC3 ,tertcontacts_4,IC3,IC3 _GAAGG_CCCAAAC
GAAGG_CCCUAAG,IC3 ,tertcontacts_4,IC3,IC3 _GAAGG_CCCUAAG
GAAGG_CCCUACC,IC3 ,tertcontacts_4,IC3,IC3 _GAAGG_CCCUACC
GAAGG_CCCUCAC,IC3 ,tertcontacts_4,IC3,IC3 _GAAGG_CCCUCAC
GAAGG_CCCUUAC,IC3 ,tertcontacts_4,IC3,IC3 _GAAGG_CCCUUAC
GAAGG_CUCUAAC,IC3 ,tertcontacts_4,IC3,IC3 _GAAGG_CUCUAAC
GAAGG_GCCUAAC,IC3 ,tertcontacts_4,IC3,IC3 _GAAGG_GCCUAAC
GAAGU_CCCUAAC,IC3 ,tertcontacts_4,IC3,IC3 _GAAGU_CCCUAAC
GAAUG_CCCUAAC,IC3 ,tertcontacts_4,IC3,IC3 _GAAUG_CCCUAAC
GACAG_CCCUAAC,IC3 ,tertcontacts_4,IC3,IC3 _GACAG_CCCUAAC
GACCG_CCCUAAC,IC3 ,tertcontacts_4,IC3,IC3 _GACCG_CCCUAAC
GACGA_CCCUAAC,IC3 ,tertcontacts_4,IC3,IC3 _GACGA_CCCUAAC
GACGC_CCCUAAC,IC3 ,tertcontacts_4,IC3,IC3 _GACGC_CCCUAAC
GACGG_ACCUAAC,IC3 ,tertcontacts_4,IC3,IC3 _GACGG_ACCUAAC
GACGG_CACUAAC,IC3 ,tertcontacts_4,IC3,IC3 _GACGG_CACUAAC
GACGG_CCCUAAA,IC3 ,tertcontacts_4,IC3,IC3 _GACGG_CCCUAAA
GACGG_CCCUAAC,IC3 ,tertcontacts_2,IC3,IC3 _GACGG_CCCUAAC
GACGG_CCCUAAU,IC3 ,tertcontacts_4,IC3,IC3 _GACGG_CCCUAAU
GACGG_CCCUACC,IC3 ,tertcontacts_4,IC3,IC3 _GACGG_CCCUACC
GACGG_CCCUAGC,IC3 ,tertcontacts_4,IC3,IC3 _GACGG_CCCUAGC
GACGG_CCCUAUC,IC3 ,tertcontacts_4,IC3,IC3 _GACGG_CCCUAUC
GACGG_CCCUGAC,IC3 ,tertcontacts_4,IC3,IC3 _GACGG_CCCUGAC
GACGG_CUCUAAC,IC3 ,tertcontacts_4,IC3,IC3 _GACGG_CUCUAAC
GACGG_GCCUAAC,IC3 ,tertcontacts_4,IC3,IC3 _GACGG_GCCUAAC
GACGG_UCCUAAC,IC3 ,tertcontacts_4,IC3,IC3 _GACGG_UCCUAAC
GACGU_CCCUAAC,IC3 ,tertcontacts_4,IC3,IC3 _GACGU_CCCUAAC
GAGAA_CCCUAAC,IC3 ,tertcontacts_4,IC3,IC3 _GAGAA_CCCUAAC
GAGAA_UUCCAAC,IC3_1U_2U_11A_12A,tertcontacts_1,IC3,IC3_1U_2U_11A_12A_GAGAA_UUCCAAC
GAGAA_UUCUAAU,IC3_1U_2U_7U_11A_12A,tertcontacts_0,IC3,IC3_1U_2U_7U_11A_12A_GAGAA_UUCUAAU
GAGAA_UUCUCAC,IC3_1U_2U_11A_12A,tertcontacts_1,IC3,IC3_1U_2U_11A_12A_GAGAA_UUCUCAC
GAGAA_UUCUGAC,IC3_1U_2U_11A_12A,tertcontacts_1,IC3,IC3_1U_2U_11A_12A_GAGAA_UUCUGAC
GAGAA_UUCUUAC,IC3_1U_2U_11A_12A,tertcontacts_1,IC3,IC3_1U_2U_11A_12A_GAGAA_UUCUUAC
GAGAC_CCCUAAC,IC3 ,tertcontacts_4,IC3,IC3 _GAGAC_CCCUAAC
GAGAG_CACUAAC,IC3 ,tertcontacts_4,IC3,IC3 _GAGAG_CACUAAC
GAGAG_CCCAAAC,IC3 ,tertcontacts_4,IC3,IC3 _GAGAG_CCCAAAC
GAGAG_CCCGAAC,IC3 ,tertcontacts_4,IC3,IC3 _GAGAG_CCCGAAC
GAGAG_CCCUAAG,IC3 ,tertcontacts_4,IC3,IC3 _GAGAG_CCCUAAG
GAGAG_CCCUAAU,IC3 ,tertcontacts_4,IC3,IC3 _GAGAG_CCCUAAU
GAGAG_CCCUACC,IC3 ,tertcontacts_4,IC3,IC3 _GAGAG_CCCUACC
GAGAG_CCCUAGC,IC3 ,tertcontacts_4,IC3,IC3 _GAGAG_CCCUAGC
GAGAG_CCCUAUC,IC3 ,tertcontacts_4,IC3,IC3 _GAGAG_CCCUAUC
GAGAG_CCCUCAC,IC3 ,tertcontacts_4,IC3,IC3 _GAGAG_CCCUCAC
GAGAG_CCCUGAC,IC3 ,tertcontacts_4,IC3,IC3 _GAGAG_CCCUGAC
GAGAG_CCUUAAC,IC3 ,tertcontacts_4,IC3,IC3 _GAGAG_CCUUAAC
GAGAG_CGCUAAC,IC3 ,tertcontacts_4,IC3,IC3 _GAGAG_CGCUAAC
GAGAG_GCCUAAC,IC3 ,tertcontacts_4,IC3,IC3 _GAGAG_GCCUAAC
GAGAG_UCCUAAC,IC3 ,tertcontacts_4,IC3,IC3 _GAGAG_UCCUAAC
GAGAU_CCCUAAC,IC3 ,tertcontacts_4,IC3,IC3 _GAGAU_CCCUAAC
GAGCA_CCCUAAC,IC3 ,tertcontacts_4,IC3,IC3 _GAGCA_CCCUAAC
GAGCC_CCCUAAC,IC3 ,tertcontacts_4,IC3,IC3 _GAGCC_CCCUAAC
GAGCG_ACCUAAC,IC3 ,tertcontacts_4,IC3,IC3 _GAGCG_ACCUAAC
GAGCG_CACUAAC,IC3 ,tertcontacts_4,IC3,IC3 _GAGCG_CACUAAC
GAGCG_CCAUAAC,IC3 ,tertcontacts_4,IC3,IC3 _GAGCG_CCAUAAC
GAGCG_CCCCAAC,IC3 ,tertcontacts_4,IC3,IC3 _GAGCG_CCCCAAC
GAGCG_CCCGAAC,IC3 ,tertcontacts_4,IC3,IC3 _GAGCG_CCCGAAC
GAGCG_CCCUAAA,IC3 ,tertcontacts_4,IC3,IC3 _GAGCG_CCCUAAA
GAGCG_CCCUAAC,IC3 ,tertcontacts_4,IC3,IC3 _GAGCG_CCCUAAC
GAGCG_CCCUAAG,IC3 ,tertcontacts_4,IC3,IC3 _GAGCG_CCCUAAG
GAGCG_CCCUAAU,IC3 ,tertcontacts_4,IC3,IC3 _GAGCG_CCCUAAU
GAGCG_CCCUACC,IC3 ,tertcontacts_4,IC3,IC3 _GAGCG_CCCUACC
GAGCG_CCCUAGC,IC3 ,tertcontacts_4,IC3,IC3 _GAGCG_CCCUAGC
GAGCG_CCCUAUC,IC3 ,tertcontacts_4,IC3,IC3 _GAGCG_CCCUAUC
GAGCG_CCCUCAC,IC3 ,tertcontacts_4,IC3,IC3 _GAGCG_CCCUCAC
GAGCG_CCCUGAC,IC3 ,tertcontacts_4,IC3,IC3 _GAGCG_CCCUGAC
GAGCG_CCCUUAC,IC3 ,tertcontacts_4,IC3,IC3 _GAGCG_CCCUUAC
GAGCG_CCGUAAC,IC3 ,tertcontacts_4,IC3,IC3 _GAGCG_CCGUAAC
GAGCG_CCUUAAC,IC3 ,tertcontacts_4,IC3,IC3 _GAGCG_CCUUAAC
GAGCG_UCCUAAC,IC3 ,tertcontacts_4,IC3,IC3 _GAGCG_UCCUAAC
GAGCU_CCCUAAC,IC3 ,tertcontacts_4,IC3,IC3 _GAGCU_CCCUAAC
GAGGA_ACCUAAC,IC3 ,tertcontacts_4,IC3,IC3 _GAGGA_ACCUAAC
GAGGA_CACUAAC,IC3 ,tertcontacts_4,IC3,IC3 _GAGGA_CACUAAC
GAGGA_CCAUAAC,IC3 ,tertcontacts_4,IC3,IC3 _GAGGA_CCAUAAC
GAGGA_CCCAAAC,IC3 ,tertcontacts_4,IC3,IC3 _GAGGA_CCCAAAC
GAGGA_CCCCAAC,IC3 ,tertcontacts_4,IC3,IC3 _GAGGA_CCCCAAC
GAGGA_CCCUAAC,IC3 ,tertcontacts_4,IC3,IC3 _GAGGA_CCCUAAC
GAGGA_CCCUAAU,IC3 ,tertcontacts_4,IC3,IC3 _GAGGA_CCCUAAU
GAGGA_CCCUACC,IC3 ,tertcontacts_4,IC3,IC3 _GAGGA_CCCUACC
GAGGA_CCCUAGC,IC3 ,tertcontacts_4,IC3,IC3 _GAGGA_CCCUAGC
GAGGA_CCCUCAC,IC3 ,tertcontacts_4,IC3,IC3 _GAGGA_CCCUCAC
GAGGA_CCCUUAC,IC3 ,tertcontacts_4,IC3,IC3 _GAGGA_CCCUUAC
GAGGA_CCUUAAC,IC3 ,tertcontacts_4,IC3,IC3 _GAGGA_CCUUAAC
GAGGA_CGCUAAC,IC3 ,tertcontacts_4,IC3,IC3 _GAGGA_CGCUAAC
GAGGA_CUCUAAC,IC3 ,tertcontacts_4,IC3,IC3 _GAGGA_CUCUAAC
GAGGA_GCCUAAC,IC3 ,tertcontacts_4,IC3,IC3 _GAGGA_GCCUAAC
GAGGA_UCCGAAC,IC3_1U_12A,tertcontacts_1,IC3,IC3_1U_12A_GAGGA_UCCGAAC
GAGGA_UUCUAAC,IC3_1U_2U_12A,tertcontacts_0,IC3,IC3_1U_2U_12A_GAGGA_UUCUAAC
GAGGC_CACUAAC,IC3 ,tertcontacts_4,IC3,IC3 _GAGGC_CACUAAC
GAGGC_CCAUAAC,IC3 ,tertcontacts_4,IC3,IC3 _GAGGC_CCAUAAC
GAGGC_CCCAAAC,IC3 ,tertcontacts_4,IC3,IC3 _GAGGC_CCCAAAC
GAGGC_CCCGAAC,IC3 ,tertcontacts_4,IC3,IC3 _GAGGC_CCCGAAC
GAGGC_CCCUAAA,IC3 ,tertcontacts_4,IC3,IC3 _GAGGC_CCCUAAA
GAGGC_CCCUAAC,IC3 ,tertcontacts_4,IC3,IC3 _GAGGC_CCCUAAC
GAGGC_CCCUAAU,IC3 ,tertcontacts_4,IC3,IC3 _GAGGC_CCCUAAU
GAGGC_CCCUACC,IC3 ,tertcontacts_4,IC3,IC3 _GAGGC_CCCUACC
GAGGC_CCCUAGC,IC3 ,tertcontacts_4,IC3,IC3 _GAGGC_CCCUAGC
GAGGC_CCCUAUC,IC3 ,tertcontacts_4,IC3,IC3 _GAGGC_CCCUAUC
GAGGC_CCCUCAC,IC3 ,tertcontacts_4,IC3,IC3 _GAGGC_CCCUCAC
GAGGC_CCCUGAC,IC3 ,tertcontacts_4,IC3,IC3 _GAGGC_CCCUGAC
GAGGC_CCCUUAC,IC3 ,tertcontacts_4,IC3,IC3 _GAGGC_CCCUUAC
GAGGC_CCGUAAC,IC3 ,tertcontacts_4,IC3,IC3 _GAGGC_CCGUAAC
GAGGC_CCUUAAC,IC3 ,tertcontacts_4,IC3,IC3 _GAGGC_CCUUAAC
GAGGC_CUCUAAC,IC3 ,tertcontacts_4,IC3,IC3 _GAGGC_CUCUAAC
GAGGC_UCCUAAC,IC3 ,tertcontacts_4,IC3,IC3 _GAGGC_UCCUAAC
GAGGG_AACUAAC,IC3 ,tertcontacts_4,IC3,IC3 _GAGGG_AACUAAC
GAGGG_ACAUAAC,IC3 ,tertcontacts_4,IC3,IC3 _GAGGG_ACAUAAC
GAGGG_ACCAAAC,IC3 ,tertcontacts_4,IC3,IC3 _GAGGG_ACCAAAC
GAGGG_ACCGAAC,IC3 ,tertcontacts_4,IC3,IC3 _GAGGG_ACCGAAC
GAGGG_ACCUAAA,IC3 ,tertcontacts_4,IC3,IC3 _GAGGG_ACCUAAA
GAGGG_ACCUAAC,IC3 ,tertcontacts_4,IC3,IC3 _GAGGG_ACCUAAC
GAGGG_ACCUAAG,IC3 ,tertcontacts_4,IC3,IC3 _GAGGG_ACCUAAG
GAGGG_ACCUAAU,IC3 ,tertcontacts_4,IC3,IC3 _GAGGG_ACCUAAU
GAGGG_ACCUACC,IC3 ,tertcontacts_4,IC3,IC3 _GAGGG_ACCUACC
GAGGG_ACCUAGC,IC3 ,tertcontacts_4,IC3,IC3 _GAGGG_ACCUAGC
GAGGG_ACCUAUC,IC3 ,tertcontacts_4,IC3,IC3 _GAGGG_ACCUAUC
GAGGG_ACCUCAC,IC3 ,tertcontacts_4,IC3,IC3 _GAGGG_ACCUCAC
GAGGG_ACCUGAC,IC3 ,tertcontacts_4,IC3,IC3 _GAGGG_ACCUGAC
GAGGG_ACCUUAC,IC3 ,tertcontacts_4,IC3,IC3 _GAGGG_ACCUUAC
GAGGG_ACGUAAC,IC3 ,tertcontacts_4,IC3,IC3 _GAGGG_ACGUAAC
GAGGG_AGCUAAC,IC3 ,tertcontacts_4,IC3,IC3 _GAGGG_AGCUAAC
GAGGG_AUCUAAC,IC3 ,tertcontacts_4,IC3,IC3 _GAGGG_AUCUAAC
GAGGG_CAAUAAC,IC3 ,tertcontacts_4,IC3,IC3 _GAGGG_CAAUAAC
GAGGG_CACAAAC,IC3 ,tertcontacts_4,IC3,IC3 _GAGGG_CACAAAC
GAGGG_CACCAAC,IC3 ,tertcontacts_4,IC3,IC3 _GAGGG_CACCAAC
GAGGG_CACGAAC,IC3 ,tertcontacts_4,IC3,IC3 _GAGGG_CACGAAC
GAGGG_CACUAAC,IC3 ,tertcontacts_4,IC3,IC3 _GAGGG_CACUAAC
GAGGG_CACUAAG,IC3 ,tertcontacts_4,IC3,IC3 _GAGGG_CACUAAG
GAGGG_CACUAAU,IC3 ,tertcontacts_4,IC3,IC3 _GAGGG_CACUAAU
GAGGG_CACUACC,IC3 ,tertcontacts_4,IC3,IC3 _GAGGG_CACUACC
GAGGG_CACUAUC,IC3 ,tertcontacts_4,IC3,IC3 _GAGGG_CACUAUC
GAGGG_CACUGAC,IC3 ,tertcontacts_4,IC3,IC3 _GAGGG_CACUGAC
GAGGG_CCAUAGC,IC3 ,tertcontacts_4,IC3,IC3 _GAGGG_CCAUAGC
GAGGG_CCAUGAC,IC3 ,tertcontacts_4,IC3,IC3 _GAGGG_CCAUGAC
GAGGG_CCCGAGC,IC3 ,tertcontacts_4,IC3,IC3 _GAGGG_CCCGAGC
GAGGG_CCCUGAA,IC3 ,tertcontacts_4,IC3,IC3 _GAGGG_CCCUGAA
GAGGG_CCCUGAG,IC3 ,tertcontacts_4,IC3,IC3 _GAGGG_CCCUGAG
GAGGG_CCGUAAA,IC3 ,tertcontacts_4,IC3,IC3 _GAGGG_CCGUAAA
GAGGG_CCGUAGC,IC3 ,tertcontacts_4,IC3,IC3 _GAGGG_CCGUAGC
GAGGG_CCGUAUC,IC3 ,tertcontacts_4,IC3,IC3 _GAGGG_CCGUAUC
GAGGG_CCGUGAC,IC3 ,tertcontacts_4,IC3,IC3 _GAGGG_CCGUGAC
GAGGG_CCGUUAC,IC3 ,tertcontacts_4,IC3,IC3 _GAGGG_CCGUUAC
GAGGG_CCUCAAC,IC3 ,tertcontacts_4,IC3,IC3 _GAGGG_CCUCAAC
GAGGG_CCUGAAC,IC3 ,tertcontacts_4,IC3,IC3 _GAGGG_CCUGAAC
GAGGG_CCUUACC,IC3 ,tertcontacts_4,IC3,IC3 _GAGGG_CCUUACC
GAGGG_CCUUAGC,IC3 ,tertcontacts_4,IC3,IC3 _GAGGG_CCUUAGC
GAGGG_CCUUCAC,IC3 ,tertcontacts_4,IC3,IC3 _GAGGG_CCUUCAC
GAGGG_CCUUUAC,IC3 ,tertcontacts_4,IC3,IC3 _GAGGG_CCUUUAC
GAGGG_CGAUAAC,IC3 ,tertcontacts_4,IC3,IC3 _GAGGG_CGAUAAC
GAGGG_CGCAAAC,IC3 ,tertcontacts_4,IC3,IC3 _GAGGG_CGCAAAC
GAGGG_CGCUAAG,IC3 ,tertcontacts_4,IC3,IC3 _GAGGG_CGCUAAG
GAGGG_CGCUAAU,IC3 ,tertcontacts_4,IC3,IC3 _GAGGG_CGCUAAU
GAGGG_CGCUACC,IC3 ,tertcontacts_4,IC3,IC3 _GAGGG_CGCUACC
GAGGG_CGCUAGC,IC3 ,tertcontacts_4,IC3,IC3 _GAGGG_CGCUAGC
GAGGG_CGCUCAC,IC3 ,tertcontacts_4,IC3,IC3 _GAGGG_CGCUCAC
GAGGG_CGCUUAC,IC3 ,tertcontacts_4,IC3,IC3 _GAGGG_CGCUUAC
GAGGG_CGGUAAC,IC3 ,tertcontacts_4,IC3,IC3 _GAGGG_CGGUAAC
GAGGG_CGUUAAC,IC3 ,tertcontacts_4,IC3,IC3 _GAGGG_CGUUAAC
GAGGG_CUAUAAC,IC3 ,tertcontacts_4,IC3,IC3 _GAGGG_CUAUAAC
GAGGG_CUCAAAC,IC3 ,tertcontacts_4,IC3,IC3 _GAGGG_CUCAAAC
GAGGG_CUCCAAC,IC3 ,tertcontacts_4,IC3,IC3 _GAGGG_CUCCAAC
GAGGG_CUCUAAA,IC3 ,tertcontacts_4,IC3,IC3 _GAGGG_CUCUAAA
GAGGG_CUCUAAC,IC3 ,tertcontacts_4,IC3,IC3 _GAGGG_CUCUAAC
GAGGG_CUCUAAG,IC3 ,tertcontacts_4,IC3,IC3 _GAGGG_CUCUAAG
GAGGG_CUCUACC,IC3 ,tertcontacts_4,IC3,IC3 _GAGGG_CUCUACC
GAGGG_CUCUAGC,IC3 ,tertcontacts_4,IC3,IC3 _GAGGG_CUCUAGC
GAGGG_CUCUGAC,IC3 ,tertcontacts_4,IC3,IC3 _GAGGG_CUCUGAC
GAGGG_CUGUAAC,IC3 ,tertcontacts_4,IC3,IC3 _GAGGG_CUGUAAC
GAGGG_CUUUAAC,IC3 ,tertcontacts_4,IC3,IC3 _GAGGG_CUUUAAC
GAGGG_GACUAAC,IC3 ,tertcontacts_4,IC3,IC3 _GAGGG_GACUAAC
GAGGG_GCAUAAC,IC3 ,tertcontacts_4,IC3,IC3 _GAGGG_GCAUAAC
GAGGG_GCCGAAC,IC3 ,tertcontacts_4,IC3,IC3 _GAGGG_GCCGAAC
GAGGG_GCCUAAA,IC3 ,tertcontacts_4,IC3,IC3 _GAGGG_GCCUAAA
GAGGG_GCCUAAU,IC3 ,tertcontacts_4,IC3,IC3 _GAGGG_GCCUAAU
GAGGG_GCCUAGC,IC3 ,tertcontacts_4,IC3,IC3 _GAGGG_GCCUAGC
GAGGG_GCCUAUC,IC3 ,tertcontacts_4,IC3,IC3 _GAGGG_GCCUAUC
GAGGG_GCCUUAC,IC3 ,tertcontacts_4,IC3,IC3 _GAGGG_GCCUUAC
GAGGG_GCGUAAC,IC3 ,tertcontacts_4,IC3,IC3 _GAGGG_GCGUAAC
GAGGG_GCUUAAC,IC3 ,tertcontacts_4,IC3,IC3 _GAGGG_GCUUAAC
GAGGG_GGCUAAC,IC3 ,tertcontacts_4,IC3,IC3 _GAGGG_GGCUAAC
GAGGG_UACUAAC,IC3 ,tertcontacts_4,IC3,IC3 _GAGGG_UACUAAC
GAGGG_UCAUAAC,IC3 ,tertcontacts_4,IC3,IC3 _GAGGG_UCAUAAC
GAGGG_UCCAAAC,IC3 ,tertcontacts_4,IC3,IC3 _GAGGG_UCCAAAC
GAGGG_UCCGAAC,IC3 ,tertcontacts_4,IC3,IC3 _GAGGG_UCCGAAC
GAGGG_UCCUAAA,IC3 ,tertcontacts_4,IC3,IC3 _GAGGG_UCCUAAA
GAGGG_UCCUAAC,IC3 ,tertcontacts_4,IC3,IC3 _GAGGG_UCCUAAC
GAGGG_UCCUAAG,IC3 ,tertcontacts_4,IC3,IC3 _GAGGG_UCCUAAG
GAGGG_UCCUACC,IC3 ,tertcontacts_4,IC3,IC3 _GAGGG_UCCUACC
GAGGG_UCCUAGC,IC3 ,tertcontacts_4,IC3,IC3 _GAGGG_UCCUAGC
GAGGG_UCCUUAC,IC3 ,tertcontacts_4,IC3,IC3 _GAGGG_UCCUUAC
GAGGG_UCGUAAC,IC3 ,tertcontacts_4,IC3,IC3 _GAGGG_UCGUAAC
GAGGG_UGCUAAC,IC3 ,tertcontacts_4,IC3,IC3 _GAGGG_UGCUAAC
GAGGG_UUCUAAC,IC3 ,tertcontacts_4,IC3,IC3 _GAGGG_UUCUAAC
GAGGU_ACCUAAC,IC3 ,tertcontacts_4,IC3,IC3 _GAGGU_ACCUAAC
GAGGU_CACUAAC,IC3 ,tertcontacts_4,IC3,IC3 _GAGGU_CACUAAC
GAGGU_CCAUAAC,IC3 ,tertcontacts_4,IC3,IC3 _GAGGU_CCAUAAC
GAGGU_CCCAAAC,IC3 ,tertcontacts_4,IC3,IC3 _GAGGU_CCCAAAC
GAGGU_CCCCAAC,IC3 ,tertcontacts_4,IC3,IC3 _GAGGU_CCCCAAC
GAGGU_CCCGAAC,IC3 ,tertcontacts_4,IC3,IC3 _GAGGU_CCCGAAC
GAGGU_CCCUAAA,IC3 ,tertcontacts_4,IC3,IC3 _GAGGU_CCCUAAA
GAGGU_CCCUAAG,IC3 ,tertcontacts_4,IC3,IC3 _GAGGU_CCCUAAG
GAGGU_CCCUAAU,IC3 ,tertcontacts_4,IC3,IC3 _GAGGU_CCCUAAU
GAGGU_CCCUACC,IC3 ,tertcontacts_4,IC3,IC3 _GAGGU_CCCUACC
GAGGU_CCCUAGC,IC3 ,tertcontacts_4,IC3,IC3 _GAGGU_CCCUAGC
GAGGU_CCCUAUC,IC3 ,tertcontacts_4,IC3,IC3 _GAGGU_CCCUAUC
GAGGU_CCCUUAC,IC3 ,tertcontacts_4,IC3,IC3 _GAGGU_CCCUUAC
GAGGU_CCGUAAC,IC3 ,tertcontacts_4,IC3,IC3 _GAGGU_CCGUAAC
GAGGU_CGCUAAC,IC3 ,tertcontacts_4,IC3,IC3 _GAGGU_CGCUAAC
GAGGU_CUCUAAC,IC3 ,tertcontacts_4,IC3,IC3 _GAGGU_CUCUAAC
GAGGU_GCCUAAC,IC3 ,tertcontacts_4,IC3,IC3 _GAGGU_GCCUAAC
GAGGU_UCCUAAC,IC3 ,tertcontacts_4,IC3,IC3 _GAGGU_UCCUAAC
GAGUC_CCCUAAC,IC3 ,tertcontacts_4,IC3,IC3 _GAGUC_CCCUAAC
GAGUG_ACCUAAC,IC3 ,tertcontacts_4,IC3,IC3 _GAGUG_ACCUAAC
GAGUG_CCCGAAC,IC3 ,tertcontacts_4,IC3,IC3 _GAGUG_CCCGAAC
GAGUG_CCCUAAC,IC3 ,tertcontacts_4,IC3,IC3 _GAGUG_CCCUAAC
GAGUG_CCCUAAG,IC3 ,tertcontacts_4,IC3,IC3 _GAGUG_CCCUAAG
GAGUG_CCCUAAU,IC3 ,tertcontacts_4,IC3,IC3 _GAGUG_CCCUAAU
GAGUG_CCCUACC,IC3 ,tertcontacts_4,IC3,IC3 _GAGUG_CCCUACC
GAGUG_CCCUAGC,IC3 ,tertcontacts_4,IC3,IC3 _GAGUG_CCCUAGC
GAGUG_CCCUAUC,IC3 ,tertcontacts_4,IC3,IC3 _GAGUG_CCCUAUC
GAGUG_CCCUCAC,IC3 ,tertcontacts_4,IC3,IC3 _GAGUG_CCCUCAC
GAGUG_CCCUGAC,IC3 ,tertcontacts_4,IC3,IC3 _GAGUG_CCCUGAC
GAGUG_CCCUUAC,IC3 ,tertcontacts_4,IC3,IC3 _GAGUG_CCCUUAC
GAGUG_CCGUAAC,IC3 ,tertcontacts_4,IC3,IC3 _GAGUG_CCGUAAC
GAGUG_CCUUAAC,IC3 ,tertcontacts_4,IC3,IC3 _GAGUG_CCUUAAC
GAGUG_CGCUAAC,IC3 ,tertcontacts_4,IC3,IC3 _GAGUG_CGCUAAC
GAGUG_CUCUAAC,IC3 ,tertcontacts_4,IC3,IC3 _GAGUG_CUCUAAC
GAGUG_GCCUAAC,IC3 ,tertcontacts_4,IC3,IC3 _GAGUG_GCCUAAC
GAGUG_UCCUAAC,IC3 ,tertcontacts_4,IC3,IC3 _GAGUG_UCCUAAC
GAGUU_CCCUAAC,IC3 ,tertcontacts_4,IC3,IC3 _GAGUU_CCCUAAC
GAUCG_CCCUAAC,IC3 ,tertcontacts_4,IC3,IC3 _GAUCG_CCCUAAC
GAUGA_CCCUAAC,IC3 ,tertcontacts_4,IC3,IC3 _GAUGA_CCCUAAC
GAUGC_CCCUAAC,IC3 ,tertcontacts_4,IC3,IC3 _GAUGC_CCCUAAC
GAUGG_ACCUAAC,IC3 ,tertcontacts_4,IC3,IC3 _GAUGG_ACCUAAC
GAUGG_CACUAAC,IC3 ,tertcontacts_4,IC3,IC3 _GAUGG_CACUAAC
GAUGG_CCCAAAC,IC3 ,tertcontacts_4,IC3,IC3 _GAUGG_CCCAAAC
GAUGG_CCCCAAC,IC3 ,tertcontacts_4,IC3,IC3 _GAUGG_CCCCAAC
GAUGG_CCCGAAC,IC3 ,tertcontacts_4,IC3,IC3 _GAUGG_CCCGAAC
GAUGG_CCCUAAG,IC3 ,tertcontacts_4,IC3,IC3 _GAUGG_CCCUAAG
GAUGG_CCCUCAC,IC3 ,tertcontacts_4,IC3,IC3 _GAUGG_CCCUCAC
GAUGG_CCCUGAC,IC3 ,tertcontacts_4,IC3,IC3 _GAUGG_CCCUGAC
GAUGG_CGCUAAC,IC3 ,tertcontacts_4,IC3,IC3 _GAUGG_CGCUAAC
GAUGG_GCCUAAC,IC3 ,tertcontacts_4,IC3,IC3 _GAUGG_GCCUAAC
GAUGG_UCCUAAC,IC3 ,tertcontacts_4,IC3,IC3 _GAUGG_UCCUAAC
GAUGU_CCCUAAC,IC3 ,tertcontacts_4,IC3,IC3 _GAUGU_CCCUAAC
GAUUG_CCCUAAC,IC3 ,tertcontacts_4,IC3,IC3 _GAUUG_CCCUAAC
GCAGG_CCCUAAC,IC3 ,tertcontacts_4,IC3,IC3 _GCAGG_CCCUAAC
GCGGA_CCCUAAC,IC3 ,tertcontacts_4,IC3,IC3 _GCGGA_CCCUAAC
GCGGA_UCCUAAC,IC3_1U_12A,tertcontacts_1,IC3,IC3_1U_12A_GCGGA_UCCUAAC
GCGGC_CCCUAAC,IC3 ,tertcontacts_4,IC3,IC3 _GCGGC_CCCUAAC
GCGGG_CCCUAUC,IC3 ,tertcontacts_4,IC3,IC3 _GCGGG_CCCUAUC
GCGGG_CCCUCAC,IC3 ,tertcontacts_4,IC3,IC3 _GCGGG_CCCUCAC
GCGGG_CCCUGAC,IC3 ,tertcontacts_4,IC3,IC3 _GCGGG_CCCUGAC
GCGGG_CCGUAAC,IC3 ,tertcontacts_4,IC3,IC3 _GCGGG_CCGUAAC
GCGGG_CGCUAAC,IC3 ,tertcontacts_4,IC3,IC3 _GCGGG_CGCUAAC
GCGGG_GCCUAAC,IC3 ,tertcontacts_4,IC3,IC3 _GCGGG_GCCUAAC
GGAGG_CCCUAAC,IC3 ,tertcontacts_4,IC3,IC3 _GGAGG_CCCUAAC
GGCGG_CCCUAAC,IC3 ,tertcontacts_4,IC3,IC3 _GGCGG_CCCUAAC
GGGCG_CCCUAAC,IC3 ,tertcontacts_4,IC3,IC3 _GGGCG_CCCUAAC
GGGGC_CCCUAAC,IC3 ,tertcontacts_4,IC3,IC3 _GGGGC_CCCUAAC
GGGGG_ACCUAAC,IC3 ,tertcontacts_4,IC3,IC3 _GGGGG_ACCUAAC
GGGGG_CACUAAC,IC3 ,tertcontacts_4,IC3,IC3 _GGGGG_CACUAAC
GGGGG_CCGUAAC,IC3 ,tertcontacts_4,IC3,IC3 _GGGGG_CCGUAAC
GGGGG_CGCUAAC,IC3 ,tertcontacts_4,IC3,IC3 _GGGGG_CGCUAAC
GGGGG_CUCUAAC,IC3 ,tertcontacts_4,IC3,IC3 _GGGGG_CUCUAAC
GGGGG_GCCUAAC,IC3 ,tertcontacts_4,IC3,IC3 _GGGGG_GCCUAAC
GGGGG_UCCUAAC,IC3 ,tertcontacts_4,IC3,IC3 _GGGGG_UCCUAAC
GGUGG_CCCUAAC,IC3 ,tertcontacts_4,IC3,IC3 _GGUGG_CCCUAAC
GUAGG_CCCUAAC,IC3 ,tertcontacts_4,IC3,IC3 _GUAGG_CCCUAAC
GUGCG_CCCUAAC,IC3 ,tertcontacts_4,IC3,IC3 _GUGCG_CCCUAAC
GUGGA_CCCUAAC,IC3 ,tertcontacts_4,IC3,IC3 _GUGGA_CCCUAAC
GUGGG_ACCUAAC,IC3 ,tertcontacts_4,IC3,IC3 _GUGGG_ACCUAAC
GUGGG_CCGUAAC,IC3 ,tertcontacts_4,IC3,IC3 _GUGGG_CCGUAAC
GUGGG_CGCUAAC,IC3 ,tertcontacts_4,IC3,IC3 _GUGGG_CGCUAAC
GUGGG_CUCUAAC,IC3 ,tertcontacts_4,IC3,IC3 _GUGGG_CUCUAAC
GUGGG_GCCUAAC,IC3 ,tertcontacts_4,IC3,IC3 _GUGGG_GCCUAAC
GUGGG_UCCUAAC,IC3 ,tertcontacts_4,IC3,IC3 _GUGGG_UCCUAAC
GUGGU_CCCUAAC,IC3 ,tertcontacts_4,IC3,IC3 _GUGGU_CCCUAAC
UAAGG_CCCUAAC,IC3 ,tertcontacts_4,IC3,IC3 _UAAGG_CCCUAAC
UACGG_CCCUAAC,IC3 ,tertcontacts_4,IC3,IC3 _UACGG_CCCUAAC
UAGAG_CCCUAAC,IC3 ,tertcontacts_4,IC3,IC3 _UAGAG_CCCUAAC
UAGCG_CCCUAAC,IC3 ,tertcontacts_4,IC3,IC3 _UAGCG_CCCUAAC
UAGGA_CCCUAAC,IC3 ,tertcontacts_4,IC3,IC3 _UAGGA_CCCUAAC
UAGGC_CCCUAAC,IC3 ,tertcontacts_4,IC3,IC3 _UAGGC_CCCUAAC
UAGGG_ACCUAAC,IC3 ,tertcontacts_4,IC3,IC3 _UAGGG_ACCUAAC
UAGGG_CCAUAAC,IC3 ,tertcontacts_4,IC3,IC3 _UAGGG_CCAUAAC
UAGGG_CCCCAAC,IC3 ,tertcontacts_4,IC3,IC3 _UAGGG_CCCCAAC
UAGGG_CCGUAAC,IC3 ,tertcontacts_4,IC3,IC3 _UAGGG_CCGUAAC
UAGGG_CCUUAAC,IC3 ,tertcontacts_4,IC3,IC3 _UAGGG_CCUUAAC
UAGGG_CUCUAAC,IC3 ,tertcontacts_4,IC3,IC3 _UAGGG_CUCUAAC
UAGGG_UCCUAAC,IC3 ,tertcontacts_4,IC3,IC3 _UAGGG_UCCUAAC
UAGGU_CCCUAAC,IC3 ,tertcontacts_4,IC3,IC3 _UAGGU_CCCUAAC
UAGUG_CCCUAAC,IC3 ,tertcontacts_4,IC3,IC3 _UAGUG_CCCUAAC
UAUGG_CCCUAAC,IC3 ,tertcontacts_4,IC3,IC3 _UAUGG_CCCUAAC
CAGGG_ACCUAAC,IC3 ,tertcontacts_4,IC3,IC3 _CAGGG_ACCUAAC
CAUGG_CCCUAAC,IC3 ,tertcontacts_4,IC3,IC3 _CAUGG_CCCUAAC
GAGAA_UUCGAAC,IC3_1U_2U_11A_12A,tertcontacts_1,IC3,IC3_1U_2U_11A_12A_GAGAA_UUCGAAC
GAGGG_CCAUAAG,IC3 ,tertcontacts_4,IC3,IC3 _GAGGG_CCAUAAG
GAGGG_CGCUAUC,IC3 ,tertcontacts_4,IC3,IC3 _GAGGG_CGCUAUC
GUGGG_CCAUAAC,IC3 ,tertcontacts_4,IC3,IC3 _GUGGG_CCAUAAC
UAGAA_UUCUAAC,IC3_1U_2U_8U_11A_12A,tertcontacts_0,IC3,IC3_1U_2U_8U_11A_12A_UAGAA_UUCUAAC
GGGGG_CCCUAAG,IC3 ,tertcontacts_4,IC3,IC3 _GGGGG_CCCUAAG
GAGGG_CCAUACC,IC3 ,tertcontacts_4,IC3,IC3 _GAGGG_CCAUACC
GAAAG_CCCUAAC,IC3 ,tertcontacts_4,IC3,IC3 _GAAAG_CCCUAAC
GAAGG_CGCUAAC,IC3 ,tertcontacts_4,IC3,IC3 _GAAGG_CGCUAAC
GAGAA_UUCUAAC,IC3_1U_2U_11A_12A,tertcontacts_1,IC3,IC3_1U_2U_11A_12A_GAGAA_UUCUAAC
GAGGG_CCUAAAC,IC3 ,tertcontacts_4,IC3,IC3 _GAGGG_CCUAAAC
GAUGG_CCCUACC,IC3 ,tertcontacts_4,IC3,IC3 _GAUGG_CCCUACC
GAAGG_CCCUAAC,IC3 ,tertcontacts_2,IC3,IC3 _GAAGG_CCCUAAC
GAGGG_CCUUGAC,IC3 ,tertcontacts_4,IC3,IC3 _GAGGG_CCUUGAC
GCGGG_CACUAAC,IC3 ,tertcontacts_4,IC3,IC3 _GCGGG_CACUAAC
GGGGG_CCCUGAC,IC3 ,tertcontacts_4,IC3,IC3 _GGGGG_CCCUGAC
GAAGG_CCCUAGC,IC3 ,tertcontacts_4,IC3,IC3 _GAAGG_CCCUAGC
AAAGG_CCCUAAC,IC3 ,tertcontacts_4,IC3,IC3 _AAAGG_CCCUAAC
AAGGA_UCCUAAC,IC3_1U_8A_12A,tertcontacts_0,IC3,IC3_1U_8A_12A_AAGGA_UCCUAAC
AGGGG_CCCUAAC,IC3 ,tertcontacts_4,IC3,IC3 _AGGGG_CCCUAAC
CAAGG_CCCUAAC,IC3 ,tertcontacts_4,IC3,IC3 _CAAGG_CCCUAAC
CCGGG_CCCUAAC,IC3 ,tertcontacts_4,IC3,IC3 _CCGGG_CCCUAAC
CGGGG_CCCUAAC,IC3 ,tertcontacts_4,IC3,IC3 _CGGGG_CCCUAAC
GAAGA_CCCUAAC,IC3 ,tertcontacts_4,IC3,IC3 _GAAGA_CCCUAAC
GACGG_CCCAAAC,IC3 ,tertcontacts_4,IC3,IC3 _GACGG_CCCAAAC
GAGAA_UUCUAGC,IC3_1U_2U_11A_12A,tertcontacts_1,IC3,IC3_1U_2U_11A_12A_GAGAA_UUCUAGC
GAGAG_ACCUAAC,IC3 ,tertcontacts_4,IC3,IC3 _GAGAG_ACCUAAC
GAGAG_CCCUAAA,IC3 ,tertcontacts_4,IC3,IC3 _GAGAG_CCCUAAA
GAGAG_CCCUUAC,IC3 ,tertcontacts_4,IC3,IC3 _GAGAG_CCCUUAC
GAGGA_UCCCAAC,IC3_1U_12A,tertcontacts_1,IC3,IC3_1U_12A_GAGGA_UCCCAAC
GAGGG_CACUAGC,IC3 ,tertcontacts_4,IC3,IC3 _GAGGG_CACUAGC
GAGGG_CACUCAC,IC3 ,tertcontacts_4,IC3,IC3 _GAGGG_CACUCAC
GAGGG_CACUUAC,IC3 ,tertcontacts_4,IC3,IC3 _GAGGG_CACUUAC
GAGGG_CAGUAAC,IC3 ,tertcontacts_4,IC3,IC3 _GAGGG_CAGUAAC
GAGGG_CAUUAAC,IC3 ,tertcontacts_4,IC3,IC3 _GAGGG_CAUUAAC
GAGGG_CCAUAUC,IC3 ,tertcontacts_4,IC3,IC3 _GAGGG_CCAUAUC
GAGGG_CCAUUAC,IC3 ,tertcontacts_4,IC3,IC3 _GAGGG_CCAUUAC
GAGGG_CCCAAAG,IC3 ,tertcontacts_4,IC3,IC3 _GAGGG_CCCAAAG
GAGGG_CCCAACC,IC3 ,tertcontacts_4,IC3,IC3 _GAGGG_CCCAACC
GAGGG_CCCCAGC,IC3 ,tertcontacts_4,IC3,IC3 _GAGGG_CCCCAGC
GAGGG_CCCGAAU,IC3 ,tertcontacts_4,IC3,IC3 _GAGGG_CCCGAAU
GAGGG_CCCUGAC,IC3 ,tertcontacts_2,IC3,IC3 _GAGGG_CCCUGAC
GAGGG_CCGGAAC,IC3 ,tertcontacts_4,IC3,IC3 _GAGGG_CCGGAAC
GAGGG_CGCGAAC,IC3 ,tertcontacts_4,IC3,IC3 _GAGGG_CGCGAAC
GAGGG_CUCUAAU,IC3 ,tertcontacts_4,IC3,IC3 _GAGGG_CUCUAAU
GAGGG_UCUUAAC,IC3 ,tertcontacts_4,IC3,IC3 _GAGGG_UCUUAAC
GAGGU_CCCUAAC,IC3 ,tertcontacts_4,IC3,IC3 _GAGGU_CCCUAAC
GAGGU_CCCUGAC,IC3 ,tertcontacts_4,IC3,IC3 _GAGGU_CCCUGAC
GAUAG_CCCUAAC,IC3 ,tertcontacts_4,IC3,IC3 _GAUAG_CCCUAAC
GAUGG_CCCUAAU,IC3 ,tertcontacts_4,IC3,IC3 _GAUGG_CCCUAAU
GAUGG_CCGUAAC,IC3 ,tertcontacts_4,IC3,IC3 _GAUGG_CCGUAAC
GCGGG_CCCCAAC,IC3 ,tertcontacts_4,IC3,IC3 _GCGGG_CCCCAAC
GGGGG_CCCUAAA,IC3 ,tertcontacts_4,IC3,IC3 _GGGGG_CCCUAAA
GGGUG_CCCUAAC,IC3 ,tertcontacts_4,IC3,IC3 _GGGUG_CCCUAAC
GUCGG_CCCUAAC,IC3 ,tertcontacts_4,IC3,IC3 _GUCGG_CCCUAAC
GUGGA_UCCUAAC,IC3_1U_12A,tertcontacts_1,IC3,IC3_1U_12A_GUGGA_UCCUAAC
GUGUG_CCCUAAC,IC3 ,tertcontacts_4,IC3,IC3 _GUGUG_CCCUAAC
UAGGG_CCCUAGC,IC3 ,tertcontacts_4,IC3,IC3 _UAGGG_CCCUAGC
UGGGG_CCCUAAC,IC3 ,tertcontacts_4,IC3,IC3 _UGGGG_CCCUAAC
GGGAG_CCCUAAC,IC3 ,tertcontacts_4,IC3,IC3 _GGGAG_CCCUAAC
GGGGA_CCCUAAC,IC3 ,tertcontacts_4,IC3,IC3 _GGGGA_CCCUAAC
GAGGG_CCCUCGC,IC3 ,tertcontacts_4,IC3,IC3 _GAGGG_CCCUCGC
GGGGA_UCCUAAC,IC3_1U_12A,tertcontacts_1,IC3,IC3_1U_12A_GGGGA_UCCUAAC
GAGGC_CGCUAAC,IC3 ,tertcontacts_4,IC3,IC3 _GAGGC_CGCUAAC
AAGGG_CCCUAAA,IC3 ,tertcontacts_4,IC3,IC3 _AAGGG_CCCUAAA
GGGGG_CCAUAAC,IC3 ,tertcontacts_4,IC3,IC3 _GGGGG_CCAUAAC
AAGGG_CCGUAAC,IC3 ,tertcontacts_4,IC3,IC3 _AAGGG_CCGUAAC
GAAGG_CCAUAAC,IC3 ,tertcontacts_4,IC3,IC3 _GAAGG_CCAUAAC
GAAGG_CCCUAAA,IC3 ,tertcontacts_4,IC3,IC3 _GAAGG_CCCUAAA
GAAGG_UCCUAAC,IC3 ,tertcontacts_4,IC3,IC3 _GAAGG_UCCUAAC
GACGG_CCAUAAC,IC3 ,tertcontacts_4,IC3,IC3 _GACGG_CCAUAAC
GACGG_CCCUAAG,IC3 ,tertcontacts_4,IC3,IC3 _GACGG_CCCUAAG
GACUG_CCCUAAC,IC3 ,tertcontacts_4,IC3,IC3 _GACUG_CCCUAAC
GAGAG_CCCUAAC,IC3 ,tertcontacts_4,IC3,IC3 _GAGAG_CCCUAAC
GAGAG_CCGUAAC,IC3 ,tertcontacts_4,IC3,IC3 _GAGAG_CCGUAAC
GAGCG_CUCUAAC,IC3 ,tertcontacts_4,IC3,IC3 _GAGCG_CUCUAAC
GAGGA_CCCGAAC,IC3 ,tertcontacts_4,IC3,IC3 _GAGGA_CCCGAAC
GAGGA_CCCUAUC,IC3 ,tertcontacts_4,IC3,IC3 _GAGGA_CCCUAUC
GAGGA_CCCUGAC,IC3 ,tertcontacts_4,IC3,IC3 _GAGGA_CCCUGAC
GAGGA_UCCUCAC,IC3_1U_12A,tertcontacts_1,IC3,IC3_1U_12A_GAGGA_UCCUCAC
GAGGG_ACUUAAC,IC3 ,tertcontacts_4,IC3,IC3 _GAGGG_ACUUAAC
GAGGG_CCAUCAC,IC3 ,tertcontacts_4,IC3,IC3 _GAGGG_CCAUCAC
GAGGG_CCCCAAG,IC3 ,tertcontacts_4,IC3,IC3 _GAGGG_CCCCAAG
GAGGG_CCCCCAC,IC3 ,tertcontacts_4,IC3,IC3 _GAGGG_CCCCCAC
GAGGG_CCCGAAG,IC3 ,tertcontacts_4,IC3,IC3 _GAGGG_CCCGAAG
GAGGG_CCCUAAG,IC3 ,tertcontacts_2,IC3,IC3 _GAGGG_CCCUAAG
GAGGG_CCGUAAU,IC3 ,tertcontacts_4,IC3,IC3 _GAGGG_CCGUAAU
GAGGG_CCGUACC,IC3 ,tertcontacts_4,IC3,IC3 _GAGGG_CCGUACC
GAGGG_CCGUCAC,IC3 ,tertcontacts_4,IC3,IC3 _GAGGG_CCGUCAC
GAGGG_CUCGAAC,IC3 ,tertcontacts_4,IC3,IC3 _GAGGG_CUCGAAC
GAGGG_UCCCAAC,IC3 ,tertcontacts_4,IC3,IC3 _GAGGG_UCCCAAC
GAGGG_UCCUCAC,IC3 ,tertcontacts_4,IC3,IC3 _GAGGG_UCCUCAC
GAUGG_CCCUAAC,IC3 ,tertcontacts_2,IC3,IC3 _GAUGG_CCCUAAC
GAUGG_CCCUUAC,IC3 ,tertcontacts_4,IC3,IC3 _GAUGG_CCCUUAC
GCGGG_ACCUAAC,IC3 ,tertcontacts_4,IC3,IC3 _GCGGG_ACCUAAC
GCGGG_CCCUAAA,IC3 ,tertcontacts_4,IC3,IC3 _GCGGG_CCCUAAA
GCGGG_CCCUAAC,IC3 ,tertcontacts_2,IC3,IC3 _GCGGG_CCCUAAC
GUGGG_CCCUAAG,IC3 ,tertcontacts_4,IC3,IC3 _GUGGG_CCCUAAG
UAGGG_CCCUCAC,IC3 ,tertcontacts_4,IC3,IC3 _UAGGG_CCCUCAC
UAGGG_CCCUGAC,IC3 ,tertcontacts_4,IC3,IC3 _UAGGG_CCCUGAC
UAGGG_CGCUAAC,IC3 ,tertcontacts_4,IC3,IC3 _UAGGG_CGCUAAC
GAGCG_CGCUAAC,IC3 ,tertcontacts_4,IC3,IC3 _GAGCG_CGCUAAC
GAGAG_CCCCAAC,IC3 ,tertcontacts_4,IC3,IC3 _GAGAG_CCCCAAC
GAUGG_CCUUAAC,IC3 ,tertcontacts_4,IC3,IC3 _GAUGG_CCUUAAC
GAGGG_CCUUAAA,IC3 ,tertcontacts_4,IC3,IC3 _GAGGG_CCUUAAA
AAGGG_CCAUAAC,IC3 ,tertcontacts_4,IC3,IC3 _AAGGG_CCAUAAC
CAGGG_CCCAAAC,IC3 ,tertcontacts_4,IC3,IC3 _CAGGG_CCCAAAC
CAGGG_CCCGAAC,IC3 ,tertcontacts_4,IC3,IC3 _CAGGG_CCCGAAC
CAGGG_CCCUAGC,IC3 ,tertcontacts_4,IC3,IC3 _CAGGG_CCCUAGC
GAACG_CCCUAAC,IC3 ,tertcontacts_4,IC3,IC3 _GAACG_CCCUAAC
GAGGG_CCCCGAC,IC3 ,tertcontacts_4,IC3,IC3 _GAGGG_CCCCGAC
GAGUG_CCAUAAC,IC3 ,tertcontacts_4,IC3,IC3 _GAGUG_CCAUAAC
GAUGG_CCCUAUC,IC3 ,tertcontacts_4,IC3,IC3 _GAUGG_CCCUAUC
GCGGG_CCCGAAC,IC3 ,tertcontacts_4,IC3,IC3 _GCGGG_CCCGAAC
UAGGG_CCCUACC,IC3 ,tertcontacts_4,IC3,IC3 _UAGGG_CCCUACC
GAGGA_UCCUAGC,IC3_1U_12A,tertcontacts_1,IC3,IC3_1U_12A_GAGGA_UCCUAGC
AAGAA_UUCUAAC,IC3_1U_2U_8A_11A_12A,tertcontacts_0,IC3,IC3_1U_2U_8A_11A_12A_AAGAA_UUCUAAC
GAGCG_GCCUAAC,IC3 ,tertcontacts_4,IC3,IC3 _GAGCG_GCCUAAC
GAGGC_CCCCAAC,IC3 ,tertcontacts_4,IC3,IC3 _GAGGC_CCCCAAC
GAGGG_CCCGCAC,IC3 ,tertcontacts_4,IC3,IC3 _GAGGG_CCCGCAC
GAGGG_CGCCAAC,IC3 ,tertcontacts_4,IC3,IC3 _GAGGG_CGCCAAC
GAGGG_CGCUGAC,IC3 ,tertcontacts_4,IC3,IC3 _GAGGG_CGCUGAC
GAGGG_CUCUAUC,IC3 ,tertcontacts_4,IC3,IC3 _GAGGG_CUCUAUC
GAGGG_GCCCAAC,IC3 ,tertcontacts_4,IC3,IC3 _GAGGG_GCCCAAC
GAGGG_GCCUAAC,IC3 ,tertcontacts_4,IC3,IC3 _GAGGG_GCCUAAC
GAGGG_GCCUAAG,IC3 ,tertcontacts_4,IC3,IC3 _GAGGG_GCCUAAG
GAGGG_GCCUCAC,IC3 ,tertcontacts_4,IC3,IC3 _GAGGG_GCCUCAC
GAGGG_GUCUAAC,IC3 ,tertcontacts_4,IC3,IC3 _GAGGG_GUCUAAC
GCGGG_CCCUAAG,IC3 ,tertcontacts_4,IC3,IC3 _GCGGG_CCCUAAG
GCGGG_CCCUACC,IC3 ,tertcontacts_4,IC3,IC3 _GCGGG_CCCUACC
GCGGG_CUCUAAC,IC3 ,tertcontacts_4,IC3,IC3 _GCGGG_CUCUAAC
GGGGG_CCCUAAU,IC3 ,tertcontacts_4,IC3,IC3 _GGGGG_CCCUAAU
GUGAG_CCCUAAC,IC3 ,tertcontacts_4,IC3,IC3 _GUGAG_CCCUAAC
UAGGG_GCCUAAC,IC3 ,tertcontacts_4,IC3,IC3 _UAGGG_GCCUAAC
GACGG_CCCUCAC,IC3 ,tertcontacts_4,IC3,IC3 _GACGG_CCCUCAC
GGGGG_CCCAAAC,IC3 ,tertcontacts_4,IC3,IC3 _GGGGG_CCCAAAC
GAGGG_CCUUAAU,IC3 ,tertcontacts_4,IC3,IC3 _GAGGG_CCUUAAU
GCGCG_CCCUAAC,IC3 ,tertcontacts_4,IC3,IC3 _GCGCG_CCCUAAC
GAAGG_CCGUAAC,IC3 ,tertcontacts_4,IC3,IC3 _GAAGG_CCGUAAC
GAGGG_CCAUAAA,IC3 ,tertcontacts_4,IC3,IC3 _GAGGG_CCAUAAA
AAGGG_CCCUACC,IC3 ,tertcontacts_4,IC3,IC3 _AAGGG_CCCUACC
GAAGG_CCCCAAC,IC3 ,tertcontacts_4,IC3,IC3 _GAAGG_CCCCAAC
GAGGG_CCCUUAG,IC3 ,tertcontacts_4,IC3,IC3 _GAGGG_CCCUUAG
GAGGG_CUCUCAC,IC3 ,tertcontacts_4,IC3,IC3 _GAGGG_CUCUCAC
GGGGG_CCCUUAC,IC3 ,tertcontacts_4,IC3,IC3 _GGGGG_CCCUUAC
AAGGG_CCCUUAC,IC3 ,tertcontacts_4,IC3,IC3 _AAGGG_CCCUUAC
GAGCG_CCCAAAC,IC3 ,tertcontacts_4,IC3,IC3 _GAGCG_CCCAAAC
AAUGG_CCCUAAC,IC3 ,tertcontacts_4,IC3,IC3 _AAUGG_CCCUAAC
CACGG_CCCUAAC,IC3 ,tertcontacts_4,IC3,IC3 _CACGG_CCCUAAC
CAGGG_CCCCAAC,IC3 ,tertcontacts_4,IC3,IC3 _CAGGG_CCCCAAC
CAGGG_CCCUCAC,IC3 ,tertcontacts_4,IC3,IC3 _CAGGG_CCCUCAC
CAGGG_CGCUAAC,IC3 ,tertcontacts_4,IC3,IC3 _CAGGG_CGCUAAC
CUGGG_CCCUAAC,IC3 ,tertcontacts_4,IC3,IC3 _CUGGG_CCCUAAC
GAAGG_CCCGAAC,IC3 ,tertcontacts_4,IC3,IC3 _GAAGG_CCCGAAC
GACGG_CCCCAAC,IC3 ,tertcontacts_4,IC3,IC3 _GACGG_CCCCAAC
GACGG_CCCGAAC,IC3 ,tertcontacts_4,IC3,IC3 _GACGG_CCCGAAC
GACGG_CGCUAAC,IC3 ,tertcontacts_4,IC3,IC3 _GACGG_CGCUAAC
GAGAG_CCAUAAC,IC3 ,tertcontacts_4,IC3,IC3 _GAGAG_CCAUAAC
GAGGA_CCCUAAA,IC3 ,tertcontacts_4,IC3,IC3 _GAGGA_CCCUAAA
GAGGA_CCCUAAG,IC3 ,tertcontacts_4,IC3,IC3 _GAGGA_CCCUAAG
GAGGC_ACCUAAC,IC3 ,tertcontacts_4,IC3,IC3 _GAGGC_ACCUAAC
GAGGC_CCCUAAG,IC3 ,tertcontacts_4,IC3,IC3 _GAGGC_CCCUAAG
GAGGG_ACCCAAC,IC3 ,tertcontacts_4,IC3,IC3 _GAGGG_ACCCAAC
GAGGG_CCAAAAC,IC3 ,tertcontacts_4,IC3,IC3 _GAGGG_CCAAAAC
GAGGG_CCAUAAU,IC3 ,tertcontacts_4,IC3,IC3 _GAGGG_CCAUAAU
GAGGG_CCCUACC,IC3 ,tertcontacts_2,IC3,IC3 _GAGGG_CCCUACC
GAGGG_CCCUGAU,IC3 ,tertcontacts_4,IC3,IC3 _GAGGG_CCCUGAU
GAGGG_CCGAAAC,IC3 ,tertcontacts_4,IC3,IC3 _GAGGG_CCGAAAC
GAGGG_CCUUAAC,IC3 ,tertcontacts_2,IC3,IC3 _GAGGG_CCUUAAC
GAGGG_CGCUAAC,IC3 ,tertcontacts_4,IC3,IC3 _GAGGG_CGCUAAC
GAGGG_CUCUUAC,IC3 ,tertcontacts_4,IC3,IC3 _GAGGG_CUCUUAC
GAGGG_UCCUGAC,IC3 ,tertcontacts_4,IC3,IC3 _GAGGG_UCCUGAC
GAGGU_CCUUAAC,IC3 ,tertcontacts_4,IC3,IC3 _GAGGU_CCUUAAC
GAGUA_CCCUAAC,IC3 ,tertcontacts_4,IC3,IC3 _GAGUA_CCCUAAC
GAGUG_CCCAAAC,IC3 ,tertcontacts_4,IC3,IC3 _GAGUG_CCCAAAC
GAGUG_CCCCAAC,IC3 ,tertcontacts_4,IC3,IC3 _GAGUG_CCCCAAC
GAGUG_CCCUAAA,IC3 ,tertcontacts_4,IC3,IC3 _GAGUG_CCCUAAA
GAUGG_CCCUAGC,IC3 ,tertcontacts_4,IC3,IC3 _GAUGG_CCCUAGC
GAUGG_CUCUAAC,IC3 ,tertcontacts_4,IC3,IC3 _GAUGG_CUCUAAC
GCCGG_CCCUAAC,IC3 ,tertcontacts_4,IC3,IC3 _GCCGG_CCCUAAC
GCGGG_CCUUAAC,IC3 ,tertcontacts_4,IC3,IC3 _GCGGG_CCUUAAC
GCGGG_UCCUAAC,IC3 ,tertcontacts_4,IC3,IC3 _GCGGG_UCCUAAC
GCGUG_CCCUAAC,IC3 ,tertcontacts_4,IC3,IC3 _GCGUG_CCCUAAC
GCUGG_CCCUAAC,IC3 ,tertcontacts_4,IC3,IC3 _GCUGG_CCCUAAC
GGGGG_CCCGAAC,IC3 ,tertcontacts_4,IC3,IC3 _GGGGG_CCCGAAC
GGGGG_CCCUAGC,IC3 ,tertcontacts_4,IC3,IC3 _GGGGG_CCCUAGC
GGGGG_CCUUAAC,IC3 ,tertcontacts_4,IC3,IC3 _GGGGG_CCUUAAC
GGGGU_CCCUAAC,IC3 ,tertcontacts_4,IC3,IC3 _GGGGU_CCCUAAC
GUGAA_UUCUAAC,IC3_1U_2U_11A_12A,tertcontacts_1,IC3,IC3_1U_2U_11A_12A_GUGAA_UUCUAAC
GUGGC_CCCUAAC,IC3 ,tertcontacts_4,IC3,IC3 _GUGGC_CCCUAAC
GUGGG_CCCUACC,IC3 ,tertcontacts_4,IC3,IC3 _GUGGG_CCCUACC
GUGGG_CCCUAGC,IC3 ,tertcontacts_4,IC3,IC3 _GUGGG_CCCUAGC
GACGG_CCUUAAC,IC3 ,tertcontacts_4,IC3,IC3 _GACGG_CCUUAAC
GGGAA_UUCUAAC,IC3_1U_2U_11A_12A,tertcontacts_1,IC3,IC3_1U_2U_11A_12A_GGGAA_UUCUAAC
AAGGG_CCCUCAC,IC3 ,tertcontacts_4,IC3,IC3 _AAGGG_CCCUCAC
GAAGG_CCCUAAU,IC3 ,tertcontacts_4,IC3,IC3 _GAAGG_CCCUAAU
GAAGG_CCCUGAC,IC3 ,tertcontacts_4,IC3,IC3 _GAAGG_CCCUGAC
GAAGG_CCUUAAC,IC3 ,tertcontacts_4,IC3,IC3 _GAAGG_CCUUAAC
GAGAA_UUCAAAC,IC3_1U_2U_11A_12A,tertcontacts_1,IC3,IC3_1U_2U_11A_12A_GAGAA_UUCAAAC
GAGGG_CCCAAGC,IC3 ,tertcontacts_4,IC3,IC3 _GAGGG_CCCAAGC
GAGGG_CCGCAAC,IC3 ,tertcontacts_4,IC3,IC3 _GAGGG_CCGCAAC
GCGGG_CCCUUAC,IC3 ,tertcontacts_4,IC3,IC3 _GCGGG_CCCUUAC
UAGGG_CCCAAAC,IC3 ,tertcontacts_4,IC3,IC3 _UAGGG_CCCAAAC
UAGGG_CCCGAAC,IC3 ,tertcontacts_4,IC3,IC3 _UAGGG_CCCGAAC
GAGGG_CCCGACC,IC3 ,tertcontacts_4,IC3,IC3 _GAGGG_CCCGACC
AAGGG_ACCUAAC,IC3 ,tertcontacts_4,IC3,IC3 _AAGGG_ACCUAAC
AAGGG_GCCUAAC,IC3 ,tertcontacts_4,IC3,IC3 _AAGGG_GCCUAAC
CAGGG_CCCUAAA,IC3 ,tertcontacts_4,IC3,IC3 _CAGGG_CCCUAAA
CAGGG_CCCUACC,IC3 ,tertcontacts_4,IC3,IC3 _CAGGG_CCCUACC
CAGGG_CCCUUAC,IC3 ,tertcontacts_4,IC3,IC3 _CAGGG_CCCUUAC
GACGG_CCCUUAC,IC3 ,tertcontacts_4,IC3,IC3 _GACGG_CCCUUAC
GAGGA_UCCAAAC,IC3_1U_12A,tertcontacts_1,IC3,IC3_1U_12A_GAGGA_UCCAAAC
GAGGG_CCCGAAA,IC3 ,tertcontacts_4,IC3,IC3 _GAGGG_CCCGAAA
GAGGG_CCCUUGC,IC3 ,tertcontacts_4,IC3,IC3 _GAGGG_CCCUUGC
GAGGG_CCGUAAC,IC3 ,tertcontacts_2,IC3,IC3 _GAGGG_CCGUAAC
GAGGG_CCUUAUC,IC3 ,tertcontacts_4,IC3,IC3 _GAGGG_CCUUAUC
GAGGG_CGCUAAA,IC3 ,tertcontacts_4,IC3,IC3 _GAGGG_CGCUAAA
GAGGG_GCCAAAC,IC3 ,tertcontacts_4,IC3,IC3 _GAGGG_GCCAAAC
GCGAA_UUCUAAC,IC3_1U_2U_11A_12A,tertcontacts_1,IC3,IC3_1U_2U_11A_12A_GCGAA_UUCUAAC
GCGAG_CCCUAAC,IC3 ,tertcontacts_4,IC3,IC3 _GCGAG_CCCUAAC
GCGGG_CCAUAAC,IC3 ,tertcontacts_4,IC3,IC3 _GCGGG_CCAUAAC
GUGGG_CCCUAAU,IC3 ,tertcontacts_4,IC3,IC3 _GUGGG_CCCUAAU
GAGGG_CCCUCAU,IC3 ,tertcontacts_4,IC3,IC3 _GAGGG_CCCUCAU
CAGGG_CCCUAAU,IC3 ,tertcontacts_4,IC3,IC3 _CAGGG_CCCUAAU
CAGGG_CCCUAUC,IC3 ,tertcontacts_4,IC3,IC3 _CAGGG_CCCUAUC
GAAGG_CCCUAUC,IC3 ,tertcontacts_4,IC3,IC3 _GAAGG_CCCUAUC
GAGAA_UUCUACC,IC3_1U_2U_11A_12A,tertcontacts_1,IC3,IC3_1U_2U_11A_12A_GAGAA_UUCUACC
GAGAA_UUCUAUC,IC3_1U_2U_11A_12A,tertcontacts_1,IC3,IC3_1U_2U_11A_12A_GAGAA_UUCUAUC
GAGAG_CUCUAAC,IC3 ,tertcontacts_4,IC3,IC3 _GAGAG_CUCUAAC
GAGGC_GCCUAAC,IC3 ,tertcontacts_4,IC3,IC3 _GAGGC_GCCUAAC
GAGGG_CCCCAUC,IC3 ,tertcontacts_4,IC3,IC3 _GAGGG_CCCCAUC
GAGGG_CCCGGAC,IC3 ,tertcontacts_4,IC3,IC3 _GAGGG_CCCGGAC
GAGGG_CCCUAGG,IC3 ,tertcontacts_4,IC3,IC3 _GAGGG_CCCUAGG
GAGGG_CCCUAGU,IC3 ,tertcontacts_4,IC3,IC3 _GAGGG_CCCUAGU
GAGGG_CCCUCAA,IC3 ,tertcontacts_4,IC3,IC3 _GAGGG_CCCUCAA
GCGGG_CCCAAAC,IC3 ,tertcontacts_4,IC3,IC3 _GCGGG_CCCAAAC
GGGGG_CCCUCAC,IC3 ,tertcontacts_4,IC3,IC3 _GGGGG_CCCUCAC
GUGGG_CCCUCAC,IC3 ,tertcontacts_4,IC3,IC3 _GUGGG_CCCUCAC
GUGGG_CCUUAAC,IC3 ,tertcontacts_4,IC3,IC3 _GUGGG_CCUUAAC
GAGGG_CCCUGGC,IC3 ,tertcontacts_4,IC3,IC3 _GAGGG_CCCUGGC
GAGGG_CCCUCCC,IC3 ,tertcontacts_4,IC3,IC3 _GAGGG_CCCUCCC
GAGGG_CCCUUUC,IC3 ,tertcontacts_4,IC3,IC3 _GAGGG_CCCUUUC
GAGGA_UCCUUAC,IC3_1U_12A,tertcontacts_1,IC3,IC3_1U_12A_GAGGA_UCCUUAC
GAGGG_CCCGUAC,IC3 ,tertcontacts_4,IC3,IC3 _GAGGG_CCCGUAC
GUGGG_CCCGAAC,IC3 ,tertcontacts_4,IC3,IC3 _GUGGG_CCCGAAC
GAGGG_CCCUAAA,IC3 ,tertcontacts_2,IC3,IC3 _GAGGG_CCCUAAA
GAGGG_CCCUCAG,IC3 ,tertcontacts_4,IC3,IC3 _GAGGG_CCCUCAG
UAGGG_CCCUUAC,IC3 ,tertcontacts_4,IC3,IC3 _UAGGG_CCCUUAC
GAGGG_CCCUAGA,IC3 ,tertcontacts_4,IC3,IC3 _GAGGG_CCCUAGA
AAGGG_CCCUAAG,IC3 ,tertcontacts_4,IC3,IC3 _AAGGG_CCCUAAG
GAGGG_CCCUAUG,IC3 ,tertcontacts_4,IC3,IC3 _GAGGG_CCCUAUG
AAGGG_CCCUAAC,IC3 ,tertcontacts_2,IC3,IC3 _AAGGG_CCCUAAC
GAGGA_UCCUAUC,IC3_1U_12A,tertcontacts_1,IC3,IC3_1U_12A_GAGGA_UCCUAUC
GAGGG_CCCAAAU,IC3 ,tertcontacts_4,IC3,IC3 _GAGGG_CCCAAAU
GAGGG_CCCAAUC,IC3 ,tertcontacts_4,IC3,IC3 _GAGGG_CCCAAUC
GAGGG_CCCUAUC,IC3 ,tertcontacts_2,IC3,IC3 _GAGGG_CCCUAUC
GAGGG_CCCUCUC,IC3 ,tertcontacts_4,IC3,IC3 _GAGGG_CCCUCUC
GAGGG_CCCUGUC,IC3 ,tertcontacts_4,IC3,IC3 _GAGGG_CCCUGUC
GAGGG_CCCUUAA,IC3 ,tertcontacts_4,IC3,IC3 _GAGGG_CCCUUAA
GCGGG_CCCUAGC,IC3 ,tertcontacts_4,IC3,IC3 _GCGGG_CCCUAGC
GGGGG_CCCCAAC,IC3 ,tertcontacts_4,IC3,IC3 _GGGGG_CCCCAAC
GUGGG_CCCUUAC,IC3 ,tertcontacts_4,IC3,IC3 _GUGGG_CCCUUAC
UAGGG_CCCUAAG,IC3 ,tertcontacts_4,IC3,IC3 _UAGGG_CCCUAAG
CAGGG_CUCUAAC,IC3 ,tertcontacts_4,IC3,IC3 _CAGGG_CUCUAAC
GAAGG_CACUAAC,IC3 ,tertcontacts_4,IC3,IC3 _GAAGG_CACUAAC
GAGGA_CCGUAAC,IC3 ,tertcontacts_4,IC3,IC3 _GAGGA_CCGUAAC
GAGGG_CCGUAAG,IC3 ,tertcontacts_4,IC3,IC3 _GAGGG_CCGUAAG
GCGGU_CCCUAAC,IC3 ,tertcontacts_4,IC3,IC3 _GCGGU_CCCUAAC
UAGGG_CACUAAC,IC3 ,tertcontacts_4,IC3,IC3 _UAGGG_CACUAAC
GAGGG_GCCUACC,IC3 ,tertcontacts_4,IC3,IC3 _GAGGG_GCCUACC
GUGGG_CACUAAC,IC3 ,tertcontacts_4,IC3,IC3 _GUGGG_CACUAAC
AAGGG_CCCGAAC,IC3 ,tertcontacts_4,IC3,IC3 _AAGGG_CCCGAAC
GAGGG_CCUUAAG,IC3 ,tertcontacts_4,IC3,IC3 _GAGGG_CCUUAAG
GACGG_CCGUAAC,IC3 ,tertcontacts_4,IC3,IC3 _GACGG_CCGUAAC
GAGGA_UCCUGAC,IC3_1U_12A,tertcontacts_1,IC3,IC3_1U_12A_GAGGA_UCCUGAC
GAGGG_CCCAAAC,IC3 ,tertcontacts_2,IC3,IC3 _GAGGG_CCCAAAC
UAGGG_CCCUAUC,IC3 ,tertcontacts_4,IC3,IC3 _UAGGG_CCCUAUC
GAGGG_CCCUGCC,IC3 ,tertcontacts_4,IC3,IC3 _GAGGG_CCCUGCC
GAGGG_CCAGAAC,IC3 ,tertcontacts_4,IC3,IC3 _GAGGG_CCAGAAC
GAGGG_CCAUAAC,IC3 ,tertcontacts_2,IC3,IC3 _GAGGG_CCAUAAC
GAGGG_CCCAUAC,IC3 ,tertcontacts_4,IC3,IC3 _GAGGG_CCCAUAC
GAGGG_CCCCUAC,IC3 ,tertcontacts_4,IC3,IC3 _GAGGG_CCCCUAC
GAGGG_CCCUAAU,IC3 ,tertcontacts_2,IC3,IC3 _GAGGG_CCCUAAU
GAGGG_GCCUGAC,IC3 ,tertcontacts_4,IC3,IC3 _GAGGG_GCCUGAC
GUGGG_CCCUAUC,IC3 ,tertcontacts_4,IC3,IC3 _GUGGG_CCCUAUC
GAGGU_CCCUCAC,IC3 ,tertcontacts_4,IC3,IC3 _GAGGU_CCCUCAC
GGGGG_CCCUACC,IC3 ,tertcontacts_4,IC3,IC3 _GGGGG_CCCUACC
GAGGG_CACUAAA,IC3 ,tertcontacts_4,IC3,IC3 _GAGGG_CACUAAA
GAGGG_CCCUACA,IC3 ,tertcontacts_4,IC3,IC3 _GAGGG_CCCUACA
AUGGG_CCCUAAC,IC3 ,tertcontacts_4,IC3,IC3 _AUGGG_CCCUAAC
GAGGG_CCCUUAC,IC3 ,tertcontacts_2,IC3,IC3 _GAGGG_CCCUUAC
UCGGG_CCCUAAC,IC3 ,tertcontacts_4,IC3,IC3 _UCGGG_CCCUAAC
GUGGG_CCCUGAC,IC3 ,tertcontacts_4,IC3,IC3 _GUGGG_CCCUGAC
GAGGG_CCCUUAU,IC3 ,tertcontacts_4,IC3,IC3 _GAGGG_CCCUUAU
AAGGG_CCCUAUC,IC3 ,tertcontacts_4,IC3,IC3 _AAGGG_CCCUAUC
GAGGA_UCCUACC,IC3_1U_12A,tertcontacts_1,IC3,IC3_1U_12A_GAGGA_UCCUACC
UUGGG_CCCUAAC,IC3 ,tertcontacts_4,IC3,IC3 _UUGGG_CCCUAAC
GUGGG_CCCUAAA,IC3 ,tertcontacts_4,IC3,IC3 _GUGGG_CCCUAAA
UAGGG_CCCUAAC,IC3 ,tertcontacts_2,IC3,IC3 _UAGGG_CCCUAAC
GAGGG_CCCCAAA,IC3 ,tertcontacts_4,IC3,IC3 _GAGGG_CCCCAAA
GAGGG_CCCUCAC,IC3 ,tertcontacts_2,IC3,IC3 _GAGGG_CCCUCAC
GAGGG_CCCCAAC,IC3 ,tertcontacts_2,IC3,IC3 _GAGGG_CCCCAAC
GAGGG_CCACAAC,IC3 ,tertcontacts_4,IC3,IC3 _GAGGG_CCACAAC
GGGGG_CCCUAUC,IC3 ,tertcontacts_4,IC3,IC3 _GGGGG_CCCUAUC
GAUGG_CCAUAAC,IC3 ,tertcontacts_4,IC3,IC3 _GAUGG_CCAUAAC
AAGGG_CCCUAGC,IC3 ,tertcontacts_4,IC3,IC3 _AAGGG_CCCUAGC
UAGGG_CCCUAAA,IC3 ,tertcontacts_4,IC3,IC3 _UAGGG_CCCUAAA
GUGGG_CCCAAAC,IC3 ,tertcontacts_4,IC3,IC3 _GUGGG_CCCAAAC
GCGGG_CCCUAAU,IC3 ,tertcontacts_4,IC3,IC3 _GCGGG_CCCUAAU
AAGGG_CCCAAAC,IC3 ,tertcontacts_4,IC3,IC3 _AAGGG_CCCAAAC
GAUGG_CCCUAAA,IC3 ,tertcontacts_4,IC3,IC3 _GAUGG_CCCUAAA
AAGGG_CCCUAAU,IC3 ,tertcontacts_4,IC3,IC3 _AAGGG_CCCUAAU
GAGGG_CCCUAUA,IC3 ,tertcontacts_4,IC3,IC3 _GAGGG_CCCUAUA
GAGGG_CCCUUCC,IC3 ,tertcontacts_4,IC3,IC3 _GAGGG_CCCUUCC
GAGGG_UCCUAUC,IC3 ,tertcontacts_4,IC3,IC3 _GAGGG_UCCUAUC
GAGUG_CACUAAC,IC3 ,tertcontacts_4,IC3,IC3 _GAGUG_CACUAAC
GUUGG_CCCUAAC,IC3 ,tertcontacts_4,IC3,IC3 _GUUGG_CCCUAAC
GAGGG_CCCUAUU,IC3 ,tertcontacts_4,IC3,IC3 _GAGGG_CCCUAUU
GAGGG_UCCUAAU,IC3 ,tertcontacts_4,IC3,IC3 _GAGGG_UCCUAAU
ACGGG_CCCUAAC,IC3 ,tertcontacts_4,IC3,IC3 _ACGGG_CCCUAAC
GAGGG_CCCUAAC,IC3 ,tertcontacts_2,IC3,IC3 _GAGGG_CCCUAAC
AAGGG_CCCCAAC,IC3 ,tertcontacts_4,IC3,IC3 _AAGGG_CCCCAAC
GAGGA_UCCUAAC,IC3 ,tertcontacts_4,IC3,IC3 _GAGGA_UCCUAAC
GAGGG_CCCAGAC,IC3 ,tertcontacts_4,IC3,IC3 _GAGGG_CCCAGAC
GAGGG_CCCCACC,IC3 ,tertcontacts_4,IC3,IC3 _GAGGG_CCCCACC
GGGGG_CCCUAAC,IC3 ,tertcontacts_2,IC3,IC3 _GGGGG_CCCUAAC
GUGGG_CCCUAAC,IC3 ,tertcontacts_2,IC3,IC3 _GUGGG_CCCUAAC
GAGGG_CCCGAUC,IC3 ,tertcontacts_4,IC3,IC3 _GAGGG_CCCGAUC
GUGGG_CCCCAAC,IC3 ,tertcontacts_4,IC3,IC3 _GUGGG_CCCCAAC
GAGGG_CCCCAAU,IC3 ,tertcontacts_4,IC3,IC3 _GAGGG_CCCCAAU
AAGGG_CCCUGAC,IC3 ,tertcontacts_4,IC3,IC3 _AAGGG_CCCUGAC
GAGGG_CCCUAGC,IC3 ,tertcontacts_2,IC3,IC3 _GAGGG_CCCUAGC
GAGGG_CCCUACU,IC3 ,tertcontacts_4,IC3,IC3 _GAGGG_CCCUACU
GAGGG_CCCUACG,IC3 ,tertcontacts_4,IC3,IC3 _GAGGG_CCCUACG
UAGGG_CCCUAAU,IC3 ,tertcontacts_4,IC3,IC3 _UAGGG_CCCUAAU
CAGGG_CCCUAAG,IC3 ,tertcontacts_4,IC3,IC3 _CAGGG_CCCUAAG
GAGGG_CCCAAAA,IC3 ,tertcontacts_4,IC3,IC3 _GAGGG_CCCAAAA
GAGGG_CCCGAAC,IC3 ,tertcontacts_2,IC3,IC3 _GAGGG_CCCGAAC
